Index,Labels,Loss
0,1,0.009982879268429855
1,1,0.010870166322072338
2,1,0.015927729623949415
3,1,0.015267886110985647
4,1,0.006151563697140286
5,1,0.009015408216240337
6,1,0.0322426433431355
7,1,0.27510330663261406
8,1,0.011485016854013349
9,1,0.02590397844953365
10,1,0.02410647892123378
11,1,0.06897745890469462
12,1,0.07398463732829053
13,1,0.07766763392136054
14,1,0.01447511237116241
15,1,0.015923340886785556
16,1,0.01862114564154458
17,1,0.022365667135629458
18,1,0.16419212783274187
19,1,0.0407062962108793
20,1,0.05880994638340171
21,1,0.015740981120716712
22,1,0.0327361123799712
23,1,0.02288859477309648
24,1,0.10512773100804026
25,1,0.12039470395154281
26,1,0.029850205185659884
27,1,0.1502402012909138
28,1,0.3388818197589583
29,1,0.15696915754786298
30,1,0.018619421708605165
31,1,0.009581780357509794
32,1,0.010948316306002329
33,1,0.006093960411630081
34,1,0.028118200190612914
35,1,0.013889006379419738
36,1,0.008096024529768625
37,1,0.009989709723232624
38,1,0.019739861809176154
39,1,0.02976848103150241
40,1,0.008705723310213756
41,1,0.007022989995725986
42,1,0.02419686698191584
43,1,0.006534460777322885
44,1,0.01582242173570723
45,1,0.007413212365718952
46,1,0.029500243822949135
47,1,0.02798535798766511
48,1,0.034036294221065924
49,1,0.04934056073633732
50,1,0.005184696662888164
51,1,0.001799859501126435
52,1,0.0360832358002092
53,1,0.029575160244052778
54,1,0.015474007040556848
55,1,0.025835492355717818
56,1,0.026609262499784816
57,1,0.03411162649781948
58,1,0.05158353145250744
59,1,0.020083024809784984
60,1,0.008204998692428944
61,1,0.007595899230673263
62,1,1.0
63,1,0.020822999663595528
64,1,0.027535647832376473
65,1,0.008186559221587644
66,1,0.045111558114397605
67,1,0.06239967579674774
68,1,0.11421004014494128
69,1,0.14518002404023644
70,1,0.1315902720381485
71,1,0.014393528502447399
72,1,0.008793550744534511
73,1,0.020551412982879515
74,1,0.026646844603042823
75,1,0.04202832884616716
76,1,0.004308877794884064
77,1,0.002837985004706566
78,1,0.015029975312885907
79,1,0.011158110788621965
80,1,0.025496796522388503
81,1,0.04058651620445191
82,1,0.03816008920644738
83,1,0.03795345066611617
84,1,0.17603075057628612
85,1,0.005456045967433432
86,1,0.026469465191504067
87,1,0.10954004753819391
88,1,0.1334280249695923
89,1,0.026827754564325117
90,1,0.020604014406569903
91,1,0.02754580082254129
92,1,0.03533627674716614
93,1,0.2125706176423023
94,1,0.05231546994149551
95,1,0.12495951205560299
96,1,0.14141161141482392
97,1,0.015211359466225243
98,1,0.011743999987372978
99,1,0.02741314993675774
100,1,0.023278532271087567
101,1,0.017412675675252096
102,1,0.031931838791473495
103,1,0.0227962890006465
104,1,0.019921966607706083
105,1,0.021223870176581006
106,1,0.03716916868694467
107,1,0.01215539122949939
108,1,0.04598649955357128
109,1,0.07993517836911694
110,1,0.0510853774764379
111,1,0.019196208494382028
112,1,0.007482818966072694
113,1,0.0073263831331504105
114,1,0.008062466991795636
115,1,0.013729000897569966
116,1,0.08118247266366187
117,1,0.10610250000633965
118,1,0.07847249133940391
119,1,0.318980397000561
120,1,0.014784770743896333
121,1,0.004336306090135108
122,1,0.0060077731802843145
123,1,0.00846359098786096
124,1,0.004017971142211071
125,1,0.013106410978161008
126,1,0.021315026253550463
127,1,0.0359965672217629
128,1,0.021813548524281988
129,1,0.012204502996540372
130,1,0.009272525762596259
131,1,0.009453353049635455
132,1,0.011215713573627368
133,1,0.03237664632757533
134,1,0.01839939949112726
135,1,0.021371877696646436
136,1,0.007272134058951054
137,1,0.017154295580845226
138,1,0.0385657195017094
139,1,0.032127730021166784
140,1,0.02126855259054487
141,1,0.036201650276593805
142,1,0.01811389444804715
143,1,0.05573780795237679
144,1,0.011064702730154275
145,1,0.005028626538233722
146,1,0.014755710348725038
147,1,0.020168929623954238
148,1,0.03290805387501825
149,1,0.014312050105141248
150,1,0.0025717119431064995
151,1,0.005953266324847696
152,1,0.03557444534591548
153,1,0.0034691658349947072
154,1,0.017149098419395905
155,1,0.15815468456427417
156,1,0.054112230523053376
157,1,0.07811799512745929
158,1,0.05761470582109605
159,1,0.00443083216302544
160,1,0.03160608142287273
161,1,0.0025975154782730166
162,1,0.01698616484026596
163,1,0.011680024273556877
164,1,0.01822560741804195
165,1,0.007213547419965583
166,1,0.008963848065868377
167,1,0.0066226257196520585
168,1,0.0877615639512792
169,1,0.024187890228716768
170,1,0.05558685188097316
171,1,0.08255667355363631
172,1,0.012355285578343055
173,1,0.03757399523168779
174,1,0.030933755640715318
175,1,0.051620082259110814
176,1,0.04542221801704337
177,1,0.033546498434077476
178,1,0.01583549162574091
179,1,0.0969248880484493
180,1,0.03943257437128155
181,1,0.08421909033027539
182,1,0.04853164162687773
183,1,0.03392493616476108
184,1,0.1649137804933306
185,1,0.010563559314506456
186,1,0.011532592500057543
187,1,0.03346766090464485
188,1,0.08153221094254945
189,1,0.09171662016564885
190,1,0.01290752440374299
191,1,0.01862754805030928
192,1,0.009144501222807997
193,1,0.034584806792845146
194,1,0.010612457116923619
195,1,0.01952197842273967
196,1,0.010400261564867947
197,1,0.014077967634603852
198,1,0.010861104507953915
199,1,0.012927657179174662
200,1,0.025158956806046736
201,1,0.018191697794785324
202,1,0.008065189527930934
203,1,0.019157303244514624
204,1,0.010136235992290549
205,1,0.0025251116498363987
206,1,0.006092493149743777
207,1,0.014248002518866747
208,1,0.03232435673687193
209,1,0.06303249677618039
210,1,0.007500774323603747
211,1,0.01489832248052745
212,1,0.008703063032891449
213,1,0.0055547998739385865
214,1,0.07983078678271616
215,1,0.07770902670903164
216,1,0.05658997575595994
217,1,0.03447090137696236
218,1,0.032410909726025984
219,1,0.013069185496522931
220,1,0.019746607490234956
221,1,0.183720445680031
222,1,0.0911215263630324
223,1,0.16146066413268625
224,1,0.12695302885407403
225,1,0.03889260539197498
226,1,0.06688692724760543
227,1,0.031528479909695976
228,1,0.03921621503076483
229,1,0.01994449554663778
230,1,0.03730596674428763
231,1,0.005738588122252574
232,1,0.029986386953920124
233,1,0.03896423146638514
234,1,0.03448669303114728
235,1,0.10301260989997019
236,1,0.06606919134406886
237,1,0.06215301915851472
238,1,0.01485971468782914
239,1,0.028489211752473136
240,1,0.027818522823512222
241,1,0.009104791189237812
242,1,0.013924818006909253
243,1,0.0153893155471467
244,1,0.019393145515925893
245,1,0.009776284289907546
246,1,0.019134389494282332
247,1,0.021549479307035543
248,1,0.02866712216869838
249,1,0.03509703225535631
250,1,0.04795232317706188
251,1,0.007750588627238727
252,1,0.010530827248054193
253,1,0.009030653035818133
254,1,0.014104264360300513
255,1,0.011307000620422367
256,1,0.022553246602586164
257,1,0.019770729661783355
258,1,0.02319853119588639
259,1,0.02020318449172336
260,1,0.02258585045481901
261,1,0.01370600996188112
262,1,0.006828564441529713
263,1,0.007775998047591008
264,1,0.06508558229887511
265,1,0.04500268090515594
266,1,0.05985193546450346
267,1,0.14675642315426976
268,1,0.022790426622778182
269,1,0.023687085584564
270,1,0.03375213054524269
271,1,0.025202931223330102
272,1,0.07041333528429708
273,1,0.10746791120813283
274,1,0.1106298736273149
275,1,0.013499446706347954
276,1,0.04967460368880667
277,1,0.05036671525013306
278,1,0.04219454965360998
279,1,0.1304842282628332
280,1,0.05852887979137329
281,1,0.052800201932752325
282,1,0.15317370888335766
283,1,0.007926005110549575
284,1,0.00951236311467663
285,1,0.009337258783922199
286,1,0.025172510885760616
287,1,0.02763615780385433
288,1,0.016549093339991414
289,1,0.01590010931748313
290,1,0.003472993157601093
291,1,0.007203376080911496
292,1,0.008514844556516426
293,1,0.03506914871122948
294,1,0.013205281060177206
295,1,0.002482197656213501
296,1,0.010155879291389787
297,1,0.007286917228773424
298,1,0.03215131849285784
299,1,0.013803939718434705
300,1,0.037275037915848616
301,1,0.013661803205667686
302,1,0.0049883824033223135
303,1,0.004534545341647009
304,1,0.007082146909167465
305,1,0.010647800862656652
306,1,0.013985168545341917
307,1,0.008151811999012997
308,1,0.012387801846538798
309,1,0.003980578567968059
310,1,0.007818590755249875
311,1,0.006620548923132284
312,1,0.025670800699915088
313,1,0.03797447147979788
314,1,0.05456800226563478
315,1,0.03186292930564834
316,1,0.009361780438437458
317,1,0.019326471724811067
318,1,0.04974170106153766
319,1,0.0758039449919071
320,1,0.02497117081973044
321,1,0.04795444164328304
322,1,0.0084639235789907
323,1,0.021803136072243302
324,1,0.1171183799940333
325,1,0.12525416493726182
326,1,0.05243176192425572
327,1,0.03117976329659201
328,1,0.010959215704244497
329,1,0.0162721439792324
330,1,0.013562438852761498
331,1,0.42176085450514894
332,1,0.02116361641273869
333,1,0.18897490427542593
334,1,0.035258779958651405
335,1,0.03555336199940975
336,1,0.020968344018466128
337,1,0.00727329682025393
338,1,0.041586053867352334
339,1,0.004678859583162614
340,1,0.01477536121552687
341,1,0.012400000067919794
342,1,0.004463611007555972
343,1,0.013086190207856431
344,1,0.07354319867244007
345,1,0.07819256110007508
346,1,0.006563774928224829
347,1,0.015239971479436232
348,1,0.06508670310689625
349,1,0.008161346809568853
350,1,0.003155761384044836
351,1,0.011850903755036477
352,1,0.029559429910429702
353,1,0.01181966020174289
354,1,0.015627978080642216
355,1,0.018562628497923315
356,1,0.00782878218934186
357,1,0.053851328433428665
358,1,0.03711662038299566
359,1,0.0125684534727878
360,1,0.0137061903248041
361,1,0.01761789603394737
362,1,0.041329033390593704
363,1,0.004472233698584135
364,1,0.01915633519681318
365,1,0.010568398479937378
366,1,0.016826568947246722
367,1,0.009140132083996557
368,1,0.004816205416513902
369,1,0.02225723946708856
370,1,0.005171631661146774
371,1,0.027908511647654982
372,1,0.02663165058169693
373,1,0.024459725282234286
374,1,0.01939915315422267
375,1,0.03634985164247218
376,1,0.0337830351963726
377,1,0.013561655073152682
378,1,0.014039155143538654
379,1,0.006273908642301881
380,1,0.0036789513986085253
381,1,0.011005792094402004
382,1,0.010887699984066837
383,1,0.056565609494574745
384,1,0.07454683483094598
385,1,0.026399152388354257
386,1,0.014716270108608362
387,1,0.01029023643543142
388,1,0.01992854173918138
389,1,0.022464128721392803
390,1,0.06566354061053069
391,1,0.019324194940200073
392,1,0.4038124611414884
393,1,0.32153733185425665
394,1,0.3222859788108931
395,1,0.2097526752405575
396,1,0.006364806913695299
397,1,0.017382606120733956
398,1,0.025065821337710785
399,1,0.02041963640800984
400,1,0.011367097284790352
401,1,0.02687371745981882
402,1,0.024627536826297217
403,1,0.032331974727341437
404,1,0.03458927987841468
405,1,0.012095313415537988
406,1,0.0007011658853453412
407,1,0.007569930653462067
408,1,0.026416879798794805
409,1,0.019915533644418892
410,1,0.0362210969323174
411,1,0.028537798548452356
412,1,0.03683804684909647
413,1,0.04848739164614875
414,1,0.056314684797328235
415,1,0.011042752291136094
416,1,0.005235401111577236
417,1,0.07513804334299902
418,1,0.2686018424400124
419,1,0.012363620147341884
420,1,0.011995296339887263
421,1,0.009562630891014588
422,1,0.009454907469148123
423,1,0.003800024781470448
424,1,0.012319059471243534
425,1,0.006314118299112737
426,1,0.02200825577630455
427,1,0.02278118152738595
428,1,0.01981392512814148
429,1,0.047150527452384294
430,1,0.05942931539940619
431,1,0.03855067448471726
432,1,0.0763255541883653
433,1,0.07208049004235399
434,1,0.09062788372338412
435,1,0.011197157468031802
436,0,0.09015714521440849
437,0,0.027022281611426648
438,0,0.030747888707245524
439,0,0.04369940440282563
440,0,0.04850306793169516
441,0,0.06333333424868264
442,0,0.04465698277195465
443,0,0.08592470108533201
444,0,0.06981154525342996
445,0,0.051116184854540156
446,0,0.08370086842786872
447,0,0.07014523532254589
448,0,0.07884572799760961
449,0,0.09838607414975677
450,0,0.07022731750523464
451,0,0.05198535472289586
452,0,0.03375307317591637
453,0,0.02835675164549711
454,0,0.033943047214615385
455,0,0.009016078909097329
456,0,0.07098289672862786
457,0,0.023667695904365155
458,0,0.024452570799180184
459,0,0.0755515534833874
460,0,0.07726641356108264
461,0,0.10557532823859433
462,0,0.09340975498427052
463,0,0.19564048827113031
464,0,0.17968954618790772
465,0,0.03479074719925348
466,0,0.021759665632996802
467,0,0.010684997085047285
468,0,0.07926761074250555
469,0,0.1914704181205192
470,0,0.1289571708801769
471,0,0.06860865567318417
472,0,0.08595845939007254
473,0,0.06789193226657304
474,0,0.04479944098479497
475,0,0.06242634461584944
476,0,0.09430377075583302
477,0,0.032991459131804145
478,0,0.02731886877352702
479,0,0.04087745968253593
480,0,0.044943792915957355
481,0,0.04133721349413467
482,0,0.049215048636178045
483,0,0.037897637895197324
484,0,0.030020671475951367
485,0,0.041896069152114364
486,0,0.0456162161216339
487,0,0.05663634627040626
488,0,0.04730836705390361
489,0,0.04708841179424391
490,0,0.06547114375832407
491,0,0.043499653086843816
492,0,0.07109803529683967
493,0,0.07324547028940727
494,0,0.08688383284036158
495,0,0.0846720185982329
496,0,0.08049898821740124
497,0,0.10276257964031921
498,0,0.09834844003165155
499,0,0.0803059781658613
500,0,0.07669114956282183
501,0,0.06408342911323917
502,0,0.06555621795944425
503,0,0.07448543248336426
504,0,0.05529039087144152
505,0,0.05343504571166521
506,0,0.07523471113597327
507,0,0.04455500365742829
508,0,0.04911515564121723
509,0,0.05173394063800777
510,0,0.04047183856495471
511,0,0.06793341463746214
512,0,0.05860104875801204
513,0,0.02107094937863471
514,0,0.04039591005391737
515,0,0.019054059868199386
516,0,0.037795666409951974
517,0,0.02817125272997157
518,0,0.04072191194892946
519,0,0.023450348191558317
520,0,0.06133675855610629
521,0,0.035002315833881796
522,0,0.0408672866389906
523,0,0.036172381536164644
524,0,0.03554608270224075
525,0,0.022077792112701514
526,0,0.06117473539323771
527,0,0.03280296832275409
528,0,0.05176131199261396
529,0,0.08516574286472611
530,0,0.08416891291504097
531,0,0.05108763562095705
532,0,0.03383420250826051
533,0,0.05865720038474536
534,0,0.04774172890996478
535,0,0.054621670028338475
536,0,0.08571422185395054
537,0,0.0323088208306368
538,0,0.05482390774204826
539,0,0.047243620466884566
540,0,0.041340509715393534
541,0,0.03635860074373028
542,0,0.0397825584686654
543,0,0.028473950573202265
544,0,0.030368070834060727
545,0,0.033376686578212286
546,0,0.04351552946983489
547,0,0.08980039567088972
548,0,0.039798224842433595
549,0,0.08360415176849882
550,0,0.06642436021720105
551,0,0.06133221811213203
552,0,0.0549833971539237
553,0,0.06076414351047693
554,0,0.06165975079328846
555,0,0.07727470008449472
556,0,0.06008215762472419
557,0,0.11390111506242523
558,0,0.0812753081713338
559,0,0.09310213287528493
560,0,0.08015997091178809
561,0,0.09600557787499725
562,0,0.05962212314028004
563,0,0.06688619574277135
564,0,0.08761945867572948
565,0,0.09575234605908638
566,0,0.09790328260952953
567,0,0.09156359022058054
568,0,0.0865845762820637
569,0,0.057207783341023784
570,0,0.07394618654777398
571,0,0.09957328942731641
572,0,0.06691593297386035
573,0,0.06159646519225268
574,0,0.08104881726624293
575,0,0.03601962661669941
576,0,0.10728146466927725
577,0,0.0630004477254564
578,0,0.05783782913774061
579,0,0.10242261154897969
580,0,0.06698871597006076
581,0,0.0611025143281528
582,0,0.059597302146305986
583,0,0.07968429875924546
584,0,0.09087687441634236
585,0,0.0816221482264019
586,0,0.048592070220079865
587,0,0.06294724966795444
588,0,0.013169084966000118
589,0,0.012679493400150515
590,0,0.021725307173371598
591,0,0.024417118320596617
592,0,0.02451840232312731
593,0,0.04945178044132824
594,0,0.029147351435205384
595,0,0.03512581637727932
596,0,0.04855159855309263
597,0,0.0643212384535403
598,0,0.06502967609476533
599,0,0.07618425680281644
600,0,0.0506682087949783
601,0,0.07740498521230457
602,0,0.06817315225724177
603,0,0.07180635513564841
604,0,0.056083977800978846
605,0,0.08061308403355014
606,0,0.06484940195013475
607,0,0.08864613157837747
608,0,0.09946168513594782
609,0,0.060847887461619635
610,0,0.07625774419320641
611,0,0.12193227276434725
612,0,0.1088696704120433
613,0,0.10092963678507133
614,0,0.11208370058967222
615,0,0.08584978165748436
616,0,0.12500736063898796
617,0,0.09070259498630483
618,0,0.10505901234480727
619,0,0.12601903417646654
620,0,0.05950683535380127
621,0,0.12724497346645006
622,0,0.07820244122199187
623,0,0.11369666302298131
624,0,0.1742410517451409
625,0,0.18049214017637127
626,0,0.14876494648556687
627,0,0.1535093543756783
628,0,0.10726892413687274
629,0,0.1203260349918062
630,0,0.10379448128906194
631,0,0.08292746593670995
632,0,0.13255800104326634
633,0,0.16818362884473115
634,0,0.1513538710454358
635,0,0.11826253052074615
636,0,0.10445297234810179
637,0,0.1179914521343516
638,0,0.1148199058466351
639,0,0.09255385225618157
640,0,0.09041875156092681
641,0,0.06644834825336622
642,0,0.07659307388572845
643,0,0.1019842780444965
644,0,0.09191436262044936
645,0,0.047588305669196286
646,0,0.05620768636574465
647,0,0.06599390212236761
648,0,0.0505564586076304
649,0,0.03279227491273001
650,0,0.04989134243453704
651,0,0.035977266485878255
652,0,0.02925464951711843
653,0,0.03369399583656484
654,0,0.03417139852386984
655,0,0.019807395496418845
656,0,0.01751759560172738
657,0,0.03395061430921039
658,0,0.03465104591313912
659,0,0.045563626647384024
660,0,0.026432926876484113
661,0,0.035607339231309564
662,0,0.038988318335899795
663,0,0.037649366696606255
664,0,0.03768048695273309
665,0,0.03197273193812345
666,0,0.03458139657992714
667,0,0.024480361438624726
668,0,0.0312875225216856
669,0,0.026337985218060588
670,0,0.041309739260858354
671,0,0.04354356948386023
672,0,0.05394099788823932
673,0,0.011816080979773816
674,0,0.013164060163885324
675,0,0.017226095848283794
676,0,0.023747587048947694
677,0,0.010514179168109606
678,0,0.031860070716241
679,0,0.020180516948398338
680,0,0.017130478959556283
681,0,0.022122296864284813
682,0,0.027354116827070302
683,0,0.04031498410255385
684,0,0.021095160449026346
685,0,0.03581723167038632
686,0,0.07210885750495084
687,0,0.0310837727038713
688,0,0.01631865542273351
689,0,0.023414504548745885
690,0,0.03942503594091128
691,0,0.03236462866114798
692,0,0.03851527203389059
693,0,0.04660999459572093
694,0,0.06305653567205664
695,0,0.02234657794512306
696,0,0.03892684030581347
697,0,0.03563485276521024
698,0,0.051953852938371514
699,0,0.02043455322169544
700,0,0.014399459844058313
701,0,0.011665544603878966
702,0,0.017354854169267395
703,0,0.03783123943349527
704,0,0.04383780956862481
705,0,0.030740649654366212
706,0,0.02241510229167347
707,0,0.03443774585647707
708,0,0.03057500173714637
709,0,0.03024712624675626
710,0,0.046199072158686336
711,0,0.05782563677620948
712,0,0.06334374990399934
713,0,0.030191652668044806
714,0,0.03952941677751825
715,0,0.04419407336640198
716,0,0.043292553505097524
717,0,0.03930674611953424
718,0,0.0573229238532173
719,0,0.031769614228798385
720,0,0.031130572261861753
721,0,0.05437768457223537
722,0,0.0414280041865515
723,0,0.02908418022127818
724,0,0.042728845012773506
725,0,0.031939834190395866
726,0,0.03013219091503123
727,0,0.04295608499207541
728,0,0.02776069905283582
729,0,0.03237749330506824
730,0,0.03357792351513894
731,0,0.028065943919126587
732,0,0.03734739437377151
733,0,0.031242050747683242
734,0,0.031870310373920734
735,0,0.030906614229658208
736,0,0.026301767584324242
737,0,0.026483094193545952
738,0,0.03186403207673513
739,0,0.037535198082694815
740,0,0.014805305436008824
741,0,0.025592682778829
742,0,0.03578657437827216
743,0,0.03534556820423139
744,0,0.02238243325737853
745,0,0.01987360914544895
746,0,0.02353419952428539
747,0,0.017248333770127817
748,0,0.03227565825829176
749,0,0.04026983661011687
750,0,0.02980974831304184
751,0,0.05511783561718283
752,0,0.023182456868847977
753,0,0.018241446223746884
754,0,0.023219979000868737
755,0,0.03987061937180288
756,0,0.024638285326279076
757,0,0.020070104479288284
758,0,0.05350403401436129
759,0,0.034572414889009494
760,0,0.01854170878500606
761,0,0.034633555285081
762,0,0.020486209871852675
763,0,0.037364448058313696
764,0,0.024456905859093086
765,0,0.02231161997236508
766,0,0.016627115463961277
767,0,0.012023038784332486
768,0,0.02333654042735608
769,0,0.05904798670921271
770,0,0.03060618300079703
771,0,0.022362268796521586
772,0,0.04178958329701288
773,0,0.03274692607813498
774,0,0.06335255456260006
775,0,0.05712109841781571
776,0,0.07915679893694315
777,0,0.07980763571025255
778,0,0.058649360348853
779,0,0.0896245476918821
780,0,0.05707518018721527
781,0,0.05964264791210606
782,0,0.049870837964093286
783,0,0.06560870871115254
784,0,0.0804068190045402
785,0,0.071730381838417
786,0,0.08691327055241314
787,0,0.06898808635981533
788,0,0.03698352764310416
789,0,0.08081047966091758
790,0,0.04510821016712263
791,0,0.056564785738253846
792,0,0.06242518740879607
793,0,0.08344719355842682
794,0,0.03192347280697774
795,0,0.024305881624861338
796,0,0.053581706164144136
797,0,0.026710903602724823
798,0,0.05054414186486582
799,0,0.07267300797891676
800,0,0.04371842124535268
801,0,0.033490717229470654
802,0,0.07474705928680445
803,0,0.04569215375523513
804,0,0.04713776194958954
805,0,0.06636877376882003
806,0,0.044777342782001135
807,0,0.06104507173626832
808,0,0.06229309041964285
809,0,0.07868252287139117
810,0,0.021747329101844924
811,0,0.014961586657874783
812,0,0.017968686986671742
813,0,0.018131066359353697
814,0,0.01840855898485634
815,0,0.015046912054660981
816,0,0.02441359431367833
817,0,0.02228764091641816
818,0,0.014692243570391979
819,0,0.0146229696411403
820,0,0.03303604527178247
821,0,0.021641956075465943
822,0,0.012544589400606121
823,0,0.013135412607106496
824,0,0.013045452349823029
825,0,0.020619834692129864
826,0,0.012784309874479082
827,0,0.025511439868814434
828,0,0.01107130885112615
829,0,0.01899561982411294
830,0,0.023664185955489147
831,0,0.031163684294548553
832,0,0.03159924736637157
833,0,0.0141951280589188
834,0,0.022915643994161163
835,0,0.029964489941818866
836,0,0.014790778326583424
837,0,0.018786644362864195
838,0,0.04186005741368635
839,0,0.06799111654989913
840,0,0.08516589975393633
841,0,0.060270132780976364
842,0,0.025938298007863417
843,0,0.0448786501318098
844,0,0.04978774338946309
845,0,0.043174196670685755
846,0,0.016104332977483857
847,0,0.04368418983077666
848,0,0.07727222193060033
849,0,0.08005847026393365
850,0,0.05362836695891424
851,0,0.09606907236860196
852,0,0.07713645855232366
853,0,0.03766674865566552
854,0,0.10570048519798073
855,0,0.09601954194209555
856,0,0.1539309375352599
857,0,0.16981452730476185
858,0,0.09248520062399175
859,0,0.14260704445285158
860,0,0.1020828137707289
861,0,0.13469268129444534
862,0,0.0502280519670353
863,0,0.07617529857589579
864,0,0.020467140214722186
865,0,0.08954923427651555
866,0,0.07522526188939441
867,0,0.02709009398701148
868,0,0.012948336326245374
869,0,0.08578569145050355
870,0,0.010828802279748974
871,0,0.014636462827038869
872,0,0.0202729228763738
873,0,0.016443156102133726
874,0,0.015593383355957393
875,0,0.010687955300269465
876,0,0.029105382767215242
877,0,0.018468236659706087
878,0,0.014515578289396943
879,0,0.011297097059787172
880,0,0.027822559947631335
881,0,0.00990011329006205
882,0,0.007352662255551893
883,0,0.005394743553033209
884,0,0.013503009617718545
885,0,0.003253607936719176
886,0,0.0012378106377262318
887,0,0.00514037553173062
888,0,0.012791475233398185
889,0,0.0
890,0,0.007936140455417861
891,0,0.0037109559391170087
892,0,0.01261259963963558
893,0,0.004431587477424138
894,0,0.009930986959393118
895,0,0.006751431591306448
896,0,0.007815591005304913
897,0,0.006859539175378992
898,0,0.009058005397450782
899,0,0.009110217200021269
900,0,0.006935634172306539
901,0,0.006155359720243751
902,0,0.011758878416264365
903,0,0.0066914632919888705
904,0,0.05595587801544093
905,0,0.018018880937474935
906,0,0.004772354723064559
907,0,0.011014115831184222
908,0,0.015560093347485707
909,0,0.011801341834782325
910,0,0.015779125847877756
911,0,0.011412960642386092
912,0,0.009208869786811269
913,0,0.02554640597142021
914,0,0.024697261787930774
915,0,0.008724179318165059
916,0,0.025740213466116907
917,0,0.008785975569885569
918,0,0.00523667177707416
919,0,0.007251402348389027
920,0,0.010915426152613854
921,0,0.008078115573536267
922,0,0.010951469811754742
923,0,0.014329801713082445
924,0,0.011979404771370368
925,0,0.010614465171087462
926,0,0.007784781300519534
927,0,0.0054633842287071825
928,0,0.010988773504329282
929,0,0.00795642198076358
930,0,0.011901425895063222
931,0,0.008101228828873175
932,0,0.003382218905553747
933,0,0.011901762318485101
934,0,0.00627593736096728
935,0,0.006837740392465219
936,0,0.008287669248948347
937,0,0.006927521251394352
938,0,0.010761955226878667
939,0,0.007446394535621964
940,0,0.004788027597117204
941,0,0.009667934425129312
942,0,0.004650866331634729
943,0,0.0067069630376887105
944,0,0.004834507533596444
945,0,0.007427065211267251
946,0,0.009768995600438165
947,0,0.01327108458368808
948,0,0.010840458015583901
949,0,0.009772073806058811
950,0,0.006791457865974001
951,0,0.008122382101965144
952,0,0.010104450918273597
953,0,0.010883708143172995
954,0,0.0032177939836175186
955,0,0.011945708463060511
956,0,0.005970868480861846
957,0,0.0068905140396508715
958,0,0.009299226309659367
959,0,0.013744305609884672
960,0,0.006567243376551641
961,0,0.010936338639507723
962,0,0.017564893312062273
963,0,0.006337142115071861
964,0,0.010259728523633934
965,0,0.009549438024175032
966,0,0.00978821087182214
967,0,0.00899994696017216
968,0,0.009987606075920702
969,0,0.006387711044040276
970,0,0.006658995413753695
971,0,0.0125742284585785
972,0,0.01114219695104675
973,0,0.030336394557958796
974,0,0.008774452643033911
975,0,0.004922451510991416
976,0,0.003958349088532139
977,0,0.009197633222468894
978,0,0.010201215429397734
979,0,0.013053842948664861
980,0,0.008681486147054406
981,0,0.004329823736616753
982,0,0.00873941682155087
983,0,0.005710630479258073
984,0,0.006996299204034133
985,0,0.01214890738389071
986,0,0.015195097718826168
987,0,0.010588429928752318
988,0,0.0035575073829432415
989,0,0.012256332217886827
990,0,0.003951966994049825
991,0,0.013917805799556317
992,0,0.02100788740676781
993,0,0.012523824578706577
994,0,0.03022799781589731
995,0,0.03159097338465464
996,0,0.010849431678227332
997,0,0.02546962832888766
998,0,0.013750072410980503
999,0,0.007692098730506283
1000,0,0.008570476614134381
1001,0,0.007353051191445198
1002,0,0.01946745765941368
1003,0,0.014270165441880325
1004,0,0.01829927230795626
1005,0,0.033474081630776614
1006,0,0.03413189779817146
1007,0,0.013900769145687917
1008,0,0.003713222345353154
1009,0,0.009546120977484678
1010,0,0.0127529679519051
1011,0,0.00665798703901988
1012,0,0.014675082887050819
1013,0,0.008201246990176958
1014,0,0.01121158039753484
1015,0,0.007700542155921433
1016,0,0.02367734326477521
1017,0,0.07800391598670096
1018,0,0.14695730819392877
1019,0,0.170220588255442
1020,0,0.0357761232682601
1021,0,0.018211618233090327
1022,0,0.011823785568487644
1023,0,0.020122001977133798
1024,0,0.05842921798559542
1025,0,0.10678969991682041
1026,0,0.01713318987104615
1027,0,0.010111041989272287
1028,0,0.018592304605175736
1029,0,0.014413121914722602
1030,0,0.016030377759139965
1031,0,0.019440641616014574
1032,0,0.011292434278494932
1033,0,0.022439644588378462
1034,0,5.980653866878062e-05
1035,0,0.007727731172922861
1036,0,0.008488349622677645
1037,0,0.009616357164766973
1038,0,0.010276253706265623
1039,0,0.006977446739963582
1040,0,0.0073559003093265065
1041,0,0.008436902647258262
1042,0,0.008612605274658493
1043,0,0.010905786580918186
1044,0,0.011118385178339615
1045,0,0.01435339676321099
1046,0,0.012594570542928675
1047,0,0.01611830188909778
1048,0,0.012899350742724414
1049,0,0.010471929704268565
1050,0,0.014002764586135035
1051,0,0.01281046439549813
1052,0,0.015363208050262566
1053,0,0.019551677158279736
1054,0,0.01370706772399426
1055,0,0.013041487610169432
1056,0,0.021895171318887602
1057,0,0.017994441022781225
1058,0,0.015066961059829352
1059,0,0.02189576377866043
1060,0,0.02732578258028941
1061,0,0.024449439425474825
1062,0,0.014427554307854203
1063,0,0.020110333149279336
1064,0,0.005471503811817789
1065,0,0.017539171171482768
1066,0,0.010097062503259487
1067,0,0.02154370822316698
1068,0,0.02718084353348671
1069,0,0.02752658351704199
1070,0,0.026529136684198394
1071,0,0.013878065873103184
1072,0,0.026218792978502024
1073,0,0.03682688548656215
1074,0,0.020627457913559275
1075,0,0.010777508751760922
1076,0,0.01334595537086754
1077,0,0.026362628559253552
1078,0,0.02205492510802471
1079,0,0.016641764460069694
1080,0,0.02581130577736631
1081,0,0.016409629014078466
1082,0,0.014761890260510726
1083,0,0.01211969602911588
1084,0,0.01179354720609287
1085,0,0.02394894086465364
1086,0,0.013300502632217368
1087,0,0.005233605244970774
1088,0,0.025763168109518616
1089,0,0.011986588742550373
1090,0,0.011767723511669888
1091,0,0.010596896734108829
1092,0,0.011888980114384612
1093,0,0.0011098879316549528
1094,0,0.00503326259986646
1095,0,0.012581627485006613
1096,0,0.008282271481894914
1097,0,0.008721452761542303
1098,0,0.005450265825503322
1099,0,0.008091801691164606
1100,0,0.015009593570841489
1101,0,0.019358633264519778
1102,0,0.0087839085304591
1103,0,0.01303996709594284
1104,0,0.014632309237599691
1105,0,0.007607545496043674
1106,0,0.016213276433349515
1107,0,0.00981217848429194
1108,0,0.012918532656296456
1109,0,0.008565720605620487
1110,0,0.0061447868416205625
1111,0,0.004988005561828919
1112,0,0.014050025441127965
1113,0,0.007779955242239599
1114,0,0.01496970959733227
1115,0,0.011227534412130334
1116,0,0.012726301179355106
1117,0,0.0047464934032936616
1118,0,0.005116919386598232
1119,0,0.011689719943089316
1120,0,0.013323170207289698
1121,0,0.03149563290680094
1122,0,0.0028440610553163346
1123,0,0.016467670670402022
1124,0,0.007498741300801413
1125,0,0.019764595213804453
1126,0,0.018133317761280913
1127,0,0.013752820841819334
1128,0,0.007892552166896289
1129,0,0.013500057900665368
1130,0,0.009711875506776909
1131,0,0.0023949234926515777
1132,0,0.009780371890628121
1133,0,0.010306467245686183
1134,0,0.006922892175383135
1135,0,0.012443207398161106
1136,0,0.009812416781821551
1137,0,0.012188875757176542
1138,0,0.011733458870566342
1139,0,0.007960424029638568
1140,0,0.012243416842616178
1141,0,0.02493491823579627
1142,0,0.01009996081986283
1143,0,0.011333013120033961
1144,0,0.00858012209983511
1145,0,0.010190879724550218
1146,0,0.01189129309307224
1147,0,0.01622958295128151
1148,0,0.004444959601642421
1149,0,0.018541852737051598
1150,0,0.013360409916435717
1151,0,0.005538819000237152
1152,0,0.009316020296206803
1153,0,0.004290419297073691
1154,0,0.009582571162561221
1155,0,0.0056771124861053025
1156,0,0.008460441520495793
1157,0,0.017210942675997477
1158,0,0.010096950954825603
1159,0,0.013867204213988444
1160,0,0.016978164107700967
1161,0,0.013434630413437822
1162,0,0.014762381224599408
1163,0,0.005469646325726488
1164,0,0.004048409313303954
1165,0,0.02103275001888643
1166,0,0.02218519456698296
1167,0,0.004395191112930972
1168,0,0.012832331434733927
1169,0,0.004235136484088065
1170,0,0.005097487626186356
1171,0,0.00865555202222837
1172,0,0.006074056528242039
1173,0,0.011614840436006928
1174,0,0.01253121141466911
1175,0,0.004215323437310865
1176,0,0.009067207083615829
1177,0,0.005739642551769566
1178,0,0.01272963521774132
1179,0,0.0030556072633037288
1180,0,0.007858555356645425
1181,0,0.012112413676646602
1182,0,0.021204800081872012
1183,0,0.013833871557690459
1184,0,0.006049717214448299
1185,0,0.010908924085442131
1186,0,0.007896422882164232
1187,0,0.010575225600550759
1188,0,0.005422454334409127
1189,0,0.015519004568195117
1190,0,0.023286784470467493
1191,0,0.003374487856361987
1192,0,0.004510803524228767
1193,0,0.013520512318951192
1194,0,0.025088561033976473
1195,0,0.010651808210400198
1196,0,0.009674264553662267
1197,0,0.005255861683181842
1198,0,0.008591122901273672
1199,0,0.01135282005912885
1200,0,0.00983420029960656
1201,0,0.008397398292746727
1202,0,0.007682014349567581
1203,0,0.005302139400812736
1204,0,0.011546439589121734
1205,0,0.0025806777751064876
1206,0,0.004549802612921052
1207,0,0.016375213773824702
1208,0,0.02924772638260648
1209,0,0.012624903659890106
1210,0,0.08344668308097188
1211,0,0.10267789641252988
1212,0,0.07318500928878005
1213,0,0.08719390359956385
1214,0,0.10712963669738358
1215,0,0.06400557784079855
1216,0,0.05626167222572997
1217,0,0.10564868701267331
1218,0,0.0492082835637319
1219,0,0.056547578326379445
1220,0,0.06970846616666533
1221,0,0.06488248534412938
1222,0,0.0720071590699123
1223,0,0.06328641796185833
1224,0,0.06902716717804266
1225,0,0.06659937025402661
1226,0,0.027909960666759104
1227,0,0.04964537675076607
1228,0,0.05868181071686237
1229,0,0.03795524402469287
1230,0,0.08079166087425746
1231,0,0.033814365990183566
1232,0,0.05404763733423081
1233,0,0.03594970435521035
1234,0,0.044346983941535814
1235,0,0.05914518340155485
1236,0,0.07372250822691034
1237,0,0.06993492480976979
1238,0,0.12292992290361604
1239,0,0.08926941826611812
1240,0,0.05697421400967117
1241,0,0.03505055574200391
1242,0,0.063792749999359
1243,0,0.056724528518949296
1244,0,0.06293109499131541
1245,0,0.06259463812522444
1246,0,0.06579735124822021
1247,0,0.06544455958435542
1248,0,0.0931563408651432
1249,0,0.050008213110428155
1250,0,0.06861380460323711
1251,0,0.007612155997157275
1252,0,0.0053185219163250416
1253,0,0.006457274227170531
1254,0,0.015289226777590348
1255,0,0.006671310461942735
1256,0,0.0035526370600417745
1257,0,0.008596968812849309
1258,0,0.018813519104506685
1259,0,0.01447160312888636
1260,0,0.009178765746281266
1261,0,0.07026307506469621
1262,0,0.006988877904627519
1263,0,0.021088124136488997
1264,0,0.041859796532293894
1265,0,0.023825343274079102
1266,0,0.026442876093331995
1267,0,0.02644454178893962
1268,0,0.02465788340178473
1269,0,0.012534918082127125
1270,0,0.0531274781379356
1271,0,0.02504963851418897
1272,0,0.058567555172175344
1273,0,0.037644219880966834
1274,0,0.026368745793497034
1275,0,0.02752748602469779
1276,0,0.013563826999194966
1277,0,0.011327422121648187
1278,0,0.02551587195334921
1279,0,0.020490871283981433
1280,0,0.006520698433066213
1281,0,0.009596051676981104
1282,0,0.011552963040684835
1283,0,0.04196208325419564
1284,0,0.011845371350505224
1285,0,0.020113964439062795
1286,0,0.027196766407484498
1287,0,0.019348052247902783
1288,0,0.027359036925615844
1289,0,0.023406656872050596
1290,0,0.04893385116382905
1291,0,0.026927180371723022
1292,0,0.060353592365602844
1293,0,0.05022311591621453
1294,0,0.04682201589847974
1295,0,0.0424934879087415
1296,0,0.05457575948346284
1297,0,0.0611416021219868
1298,0,0.06916971089085007
1299,0,0.0756708179172943
1300,0,0.06822693825130549
1301,0,0.07517837715115452
1302,0,0.05870114681143643
1303,0,0.060205010537352346
1304,0,0.05674060727627909
1305,0,0.05512502583925077
1306,0,0.09381780709013844
1307,0,0.06282219166123519
1308,0,0.040482629731122044
1309,0,0.040191254358776345
1310,0,0.08873021999398124
1311,0,0.020367289794978108
1312,0,0.022183169110357698
1313,0,0.0381244582009191
1314,0,0.021074741394617527
1315,0,0.014213866528787472
1316,0,0.011585199637836762
1317,0,0.004322838956960428
1318,0,0.008250098035040758
1319,0,0.01205838224914978
1320,0,0.011849408137583894
1321,0,0.011426985660559273
1322,0,0.009824869470561512
1323,0,0.01099733129930141
1324,0,0.006277581356075401
1325,0,0.007862386216397135
1326,0,0.009255113818633256
1327,0,0.005225376389792585
1328,0,0.010975451364535435
1329,0,0.014633781540466972
1330,0,0.02181421200364541
1331,0,0.005809182829365696
1332,0,0.006843287337286357
1333,0,0.00582997273141602
1334,0,0.013961304493615614
1335,0,0.0174838311206875
1336,0,0.021171627655480106
1337,0,0.008925238096246582
1338,0,0.012519076763384205
1339,0,0.012831876703380752
1340,0,0.0034006975426584102
1341,0,0.015424854993459625
1342,0,0.003720460629014215
1343,0,0.009596837575911562
1344,0,0.012605413889216313
1345,0,0.005966090565138906
1346,0,0.010580284067242006
1347,0,0.03540236850875
1348,0,0.03400147945549153
1349,0,0.03551341890418125
1350,0,0.007555107661900189
1351,0,0.005436193070525703
1352,0,0.005112918930597989
1353,0,0.011442999236383726
1354,0,0.024938935453240524
1355,0,0.0534356320461253
1356,0,0.012053808890425373
1357,0,0.0061129582657663325
1358,0,0.0035325521269734448
1359,0,0.011207259869872026
1360,0,0.007071874017076172
1361,0,0.004048829430427508
1362,0,0.010478401114835726
1363,0,0.018782864318011357
1364,0,0.006636601535510742
1365,0,0.010091518793560104
1366,0,0.0034447784683015984
1367,0,0.024586764458175064
1368,0,0.010266536342004124
1369,0,0.017049014715023285
1370,0,0.025068861517156774
1371,0,0.00898445668304914
1372,0,0.008816392106145146
1373,0,0.013895251827650806
1374,0,0.014196996270650205
1375,0,0.004938751052543343
1376,0,0.010565123888771757
1377,0,0.008171375792511721
1378,0,0.007774047962207902
1379,0,0.007687044002440523
1380,0,0.01758955515029294
1381,0,0.01019410996726979
1382,0,0.0065797167329163285
1383,0,0.020181518470600075
1384,0,0.007238881450465922
1385,0,0.01879089081122331
1386,0,0.013028308759661702
1387,0,0.012185530220628476
1388,0,0.009559824307292642
1389,0,0.011381062389480688
1390,0,0.008663387546719055
1391,0,0.006209927317076194
1392,0,0.002340227933618201
1393,0,0.0034148708590273206
1394,0,0.00759447338071326
1395,0,0.004790945308382168
1396,0,0.006282820734749017
1397,0,0.01347395607430427
1398,0,0.011803962621958078
1399,0,0.00299771507048354
1400,0,0.008840588294038923
1401,0,0.0035233580332654597
1402,0,0.011380426034852578
1403,0,0.001783730734717173
1404,0,0.0038025236237853757
1405,0,0.007308017541069628
1406,0,0.008094347523919179
1407,0,0.0030417563114454086
1408,0,0.010730900023108106
1409,0,0.0008210634722079202
1410,0,0.006670550682766255
1411,0,0.011498626146247812
1412,0,0.0068696661674219625
1413,0,0.012184725740769998
1414,0,0.0029343328910580654
1415,0,0.004683330971878024
1416,0,0.0045256708343405505
1417,0,0.021443468670874457
1418,0,0.002825710246155737
1419,0,0.010162325718282893
1420,0,0.007547112327405356
1421,0,0.012272835318214746
1422,0,0.008233993389629808
1423,0,0.0046676838950131805
1424,0,0.007644127644226117
1425,0,0.01259837059862728
1426,0,0.021111956801176637
1427,0,0.008983666314373867
1428,0,0.00608300210920282
1429,0,0.00528591580515118
1430,0,0.00944145205604831
1431,0,0.020778836748430143
1432,0,0.07915747194661037
1433,0,0.05415017592019817
1434,0,0.08394208289970963
1435,0,0.0728436010332374
1436,0,0.08004716263216183
1437,0,0.06163258663542273
1438,0,0.06301561818477996
1439,0,0.04740869002366547
1440,0,0.05060577847528867
1441,0,0.06531142399691853
1442,0,0.05151150635336822
1443,0,0.08676170915213188
1444,0,0.055890340185653184
1445,0,0.07988099072462827
1446,0,0.021182992692823338
1447,0,0.016456457059766273
1448,0,0.014632395183612605
1449,0,0.029620927636904628
1450,0,0.01787753411891666
1451,0,0.01709773093636903
1452,0,0.054702074985758686
1453,0,0.03666760633714606
1454,0,0.03356062170485406
1455,0,0.05550378431016745
1456,0,0.035932138871709686
1457,0,0.0490795272810418
1458,0,0.08285061654708631
1459,0,0.07771786331438545
1460,0,0.10133209465620191
1461,0,0.0236619053112038
1462,0,0.022973892500933013
1463,0,0.015869683228193758
1464,0,0.07092306990624865
1465,0,0.05735935259621009
1466,0,0.05666659105797823
1467,0,0.044413705794040755
1468,0,0.04155619290788988
1469,0,0.05305089083280778
1470,0,0.035508119031577946
1471,0,0.06862552156022368
1472,0,0.1056755203236254
1473,0,0.02145568801415559
1474,0,0.014165832365101107
1475,0,0.017143905914540805
1476,0,0.005301062968305477
1477,0,0.009991135865379584
1478,0,0.024004533960160186
1479,0,0.012493685221411454
1480,0,0.008071886370782488
1481,0,0.030188112864070905
1482,0,0.007999914426136831
1483,0,0.051603154994004904
1484,0,0.014133591371078997
1485,0,0.026088482325542568
1486,0,0.044825130308492125
1487,0,0.03258334055619971
1488,0,0.04238243964043129
1489,0,0.030468562237072012
1490,0,0.04593800254244297
1491,0,0.02704660175125861
1492,0,0.013555556330625374
1493,0,0.008847916327010135
1494,0,0.06489680242721244
1495,0,0.022806200702008894
1496,0,0.025114977501797406
1497,0,0.013948269954583774
1498,0,0.012765089737110316
1499,0,0.012131745718236617
1500,0,0.015139343467159422
1501,0,0.02161393003806485
1502,0,0.018583161320791765
1503,0,0.01016079924891368
1504,0,0.009410436031719484
1505,0,0.06296460935017413
1506,0,0.00951585281607827
1507,0,0.01612310924910141
1508,0,0.007676331594091917
1509,0,0.015820763318398046
1510,0,0.02414223100982817
1511,0,0.01106769367028548
1512,0,0.011941026085193505
1513,0,0.003445644524011798
1514,0,0.011905164038115524
1515,0,0.0048904093078109695
1516,0,0.05386280857128091
1517,0,0.013566846176942727
1518,0,0.02729922891479261
1519,0,0.01632118863464521
1520,0,0.022063618678949848
1521,0,0.02880770073371502
1522,0,0.01854350959553999
1523,0,0.01906505149188369
1524,0,0.03384572228199112
1525,0,0.04303616954395391
1526,0,0.0325839436480711
1527,0,0.04800281252827514
1528,0,0.056090925091090364
1529,0,0.050308111561441014
1530,0,0.05075241144831269
1531,0,0.05148241136629664
1532,0,0.051046993396691255
1533,0,0.045476420452549834
1534,0,0.033301742440431346
1535,0,0.04174684512943551
1536,0,0.021116845954885884
1537,0,0.026881356849272384
1538,0,0.024779150235344667
1539,0,0.024480911949788287
1540,0,0.021258699977267988
1541,0,0.022378211730558564
1542,0,0.02431552177168724
1543,0,0.08857235505108864
1544,0,0.1757660370602742
1545,0,0.10902054025737268
1546,0,0.07740191035644844
1547,0,0.17029481363332122
1548,0,0.08156524200643091
1549,0,0.06135982864210487
1550,0,0.08118616276260351
1551,0,0.0779581021726728
1552,0,0.08809709563046071
1553,0,0.1022797093102122
1554,0,0.0780519616442928
1555,0,0.06810114115715282
1556,0,0.08931686411835352
1557,0,0.042951040141257314
1558,0,0.04370115358030646
1559,0,0.035577034617535135
1560,0,0.061589082066253804
1561,0,0.036901319800404876
1562,0,0.07095475305934013
1563,0,0.07635537117806676
1564,0,0.09400761263022112
1565,0,0.0545584484824243
1566,0,0.054121746575442754
1567,0,0.07505811043084877
1568,0,0.0957384650001864
1569,0,0.12243496818001068
1570,0,0.0576437443907151
1571,0,0.16207377958998936
1572,0,0.04449434659910943
1573,0,0.03610101074464352
1574,0,0.05967494648579866
1575,0,0.12559291305437964
1576,0,0.08778274079478406
1577,0,0.08819048549649566
1578,0,0.07419103177347938
1579,0,0.11113883182810999
1580,0,0.12856265295840608
1581,0,0.0718956146189085
1582,0,0.0748613768536301
1583,0,0.06703152109855265
1584,0,0.05618782871751296
1585,0,0.06397686315074372
1586,0,0.07380633594895271
1587,0,0.06914674131245532
1588,0,0.07171728627360129
1589,0,0.07353059736169422
1590,0,0.05060082606900988
1591,0,0.07491527770838184
1592,0,0.06791197454189457
1593,0,0.10828946070907493
1594,0,0.1162012536909846
1595,0,0.07105688650250952
1596,0,0.10120565507070577
1597,0,0.08727207712245026
1598,0,0.09151326172392119
1599,0,0.06988062990864735
1600,0,0.08145040908762932
1601,0,0.10954300326087336
1602,0,0.06379819211898756
1603,0,0.08427745187110264
1604,0,0.09110757886406882
1605,0,0.10705258514660128
1606,0,0.0765513158172338
1607,0,0.06326675132611762
1608,0,0.077670459506358
1609,0,0.06213149690590436
1610,0,0.07442253195840703
1611,0,0.0658394489077995
1612,0,0.05427384217385601
1613,0,0.08981077768902967
1614,0,0.05081478395785459
1615,0,0.06255987286202339
1616,0,0.06590568228379172
1617,0,0.07178304070420599
1618,0,0.04417204675913407
1619,0,0.03589668091557009
1620,0,0.04715375810123837
1621,0,0.03728873774854124
1622,0,0.03230335247591193
1623,0,0.01651152935066383
1624,0,0.020080448217400394
1625,0,0.02032327280850424
1626,0,0.030514744890597065
1627,0,0.08586620325003437
1628,0,0.03470347666666702
1629,0,0.045265340168552756
1630,0,0.041297505330863
1631,0,0.05487455500858316
1632,0,0.04774496867468664
1633,0,0.08099362587211996
1634,0,0.045519660980894036
1635,0,0.044219517911957835
1636,0,0.0732521513691127
1637,0,0.0892883968720083
1638,0,0.06889147904356611
1639,0,0.08002882892370383
1640,0,0.09196071723901915
1641,0,0.05784421929781586
1642,0,0.058497037501738146
1643,0,0.03672216818778432
1644,0,0.0647300211794274
1645,0,0.08299252256781205
1646,0,0.07564139653032488
1647,0,0.059777731651891014
1648,0,0.05123020578065244
1649,0,0.05945924276142435
1650,0,0.08806556870070657
1651,0,0.07085749499911131
1652,0,0.07047200366138999
1653,0,0.04991567344182775
1654,0,0.022845870216116428
1655,0,0.02694044702932401
1656,0,0.015524812297125984
1657,0,0.022887381202381842
1658,0,0.029762776757867464
1659,0,0.011996286923502783
1660,0,0.014309999888896986
1661,0,0.016412316454172335
1662,0,0.009908523797060701
1663,0,0.010869664831632176
1664,0,0.011391974222928274
1665,0,0.007573822560782002
1666,0,0.015561091094699475
1667,0,0.0072502656251240225
1668,0,0.00680323533929689
1669,0,0.029513849695312695
1670,0,0.0054410897628826395
1671,0,0.015671850762067223
1672,0,0.007842458357640202
1673,0,0.00895149668447292
1674,0,0.011093343267032046
1675,0,0.002494919044167194
1676,0,0.010795208727059531
1677,0,0.0017189095776258528
1678,0,0.005725055223019856
1679,0,0.006995493979099082
1680,0,0.01773120715168879
1681,0,0.05069758752252005
1682,0,0.034658090424132586
1683,0,0.006829724457443067
1684,0,0.014043409440948968
1685,0,0.012197489155860308
1686,0,0.027269749617847318
1687,0,0.019259612111103795
1688,0,0.03895579962933181
1689,0,0.011088556689186907
1690,0,0.012548479917434005
1691,0,0.010977188041935298
1692,0,0.007252208149471406
1693,0,0.019372405907880332
1694,0,0.010366093199319183
1695,0,0.025078897647897228
1696,0,0.0049922447092445605
1697,0,0.005073230197043749
1698,0,0.010411796926832103
1699,0,0.014776750716034176
1700,0,0.03400217090268699
1701,0,0.013949980457512978
1702,0,0.01048390185820178
1703,0,0.010160254609404288
1704,0,0.01741348047216049
1705,0,0.012724228879862187
1706,0,0.013743235139478394
1707,0,0.011120419843074469
1708,0,0.01388415093416172
1709,0,0.006778458759094404
1710,0,0.005769466859833787
1711,0,0.005281165788131777
1712,0,0.0074866877153663145
1713,0,0.012780635883129937
1714,0,0.019590072728805356
1715,0,0.02697919060800171
1716,0,0.011821454775602746
1717,0,0.007961858558111705
1718,0,0.006685362625981872
1719,0,0.021937386676172104
1720,0,0.024773312096459926
1721,0,0.009636890136367968
1722,0,0.015768723022394186
1723,0,0.009253940339459761
1724,0,0.0062682659657247305
1725,0,0.013622705977081618
1726,0,0.007540977829337379
1727,0,0.020613383418663023
1728,0,0.012151180040799436
1729,0,0.011931787047413364
1730,0,0.013619023932070026
1731,0,0.017452747712822427
1732,0,0.0071202442674651095
1733,0,0.011859682127566495
1734,0,0.016411484418757522
1735,0,0.00599360183256714
1736,0,0.011360103141383027
1737,0,0.017474469474040175
1738,0,0.016384513539781813
1739,0,0.00893733490213268
1740,0,0.024394725577517044
1741,0,0.009162738240288175
1742,0,0.01648497432333649
1743,0,0.017702702013347758
1744,0,0.023611619697855885
1745,0,0.02585963038077857
1746,0,0.014099704242875183
1747,0,0.013296425589922296
1748,0,0.007047423184785215
1749,0,0.017516519527935384
1750,0,0.008244890807238224
1751,0,0.01187651858897078
1752,0,0.015843573820484347
1753,0,0.028663661165928687
1754,0,0.0170124058196661
1755,0,0.01349923922532925
1756,0,0.017346790633668258
1757,0,0.005889965785609722
1758,0,0.020925578566887825
1759,0,0.024117590330316536
1760,0,0.013431951389024342
1761,0,0.015668623850680307
1762,0,0.020161131491911066
1763,0,0.009173263864921954
1764,0,0.01258061336914458
1765,0,0.07142553170343191
1766,0,0.05282292257483836
1767,0,0.03961877047001766
1768,0,0.05975869601514949
1769,0,0.049475660782418523
1770,0,0.055151909498834216
1771,0,0.037901671494918354
1772,0,0.055438947427492266
1773,0,0.057829085768331984
1774,0,0.046967287865551426
1775,0,0.05381078871741166
1776,0,0.03150265257250717
1777,0,0.035814311235001395
1778,0,0.0780687090167628
1779,0,0.10393963858942518
1780,0,0.07016294375032422
1781,0,0.03855173792109304
1782,0,0.027664363348572626
1783,0,0.02635440655575955
1784,0,0.024531870698352352
1785,0,0.027838454612132687
1786,0,0.05175416316217916
1787,0,0.03580635150990919
1788,0,0.03787552295157361
1789,0,0.10086561902103261
1790,0,0.0815539934978812
1791,0,0.14706456261591808
1792,0,0.11756577203667463
1793,0,0.2477714826614021
1794,0,0.1580248367762732
1795,0,0.09008959548038858
1796,0,0.03582677452243465
1797,0,0.07003596236448899
1798,0,0.07794009976194545
1799,0,0.16302303461758447
1800,0,0.061414278337825624
1801,0,0.05777411071737622
1802,0,0.04937033004403744
1803,0,0.0570938143197757
1804,0,0.03746739379693201
1805,0,0.05060821211642247
1806,0,0.05745421569122251
1807,0,0.03439447045101264
1808,0,0.04984785594320684
1809,0,0.06172182894048626
1810,0,0.041962429041864466
1811,0,0.0663856004981272
1812,0,0.057504050086437795
1813,0,0.09372215822607435
1814,0,0.07222516095966981
1815,0,0.062322888768909006
1816,0,0.05164255391464155
1817,0,0.06011274959351323
1818,0,0.1016826043692511
1819,0,0.0444591511216795
1820,0,0.04621058541715162
1821,0,0.05649300550938899
1822,0,0.06046124235382076
1823,0,0.044174602819021684
1824,0,0.06450708189524522
1825,0,0.05232707822335864
1826,0,0.03848694152985926
1827,0,0.04978249971844975
1828,0,0.05619832177848939
1829,0,0.02770916661071059
1830,0,0.061457185725535865
1831,0,0.05196907113408694
1832,0,0.04490160402953229
1833,0,0.05576121203614274
1834,0,0.0468063340239712
1835,0,0.06481995167209471
1836,0,0.04963147380437093
1837,0,0.03982571890677297
1838,0,0.04159069209507946
1839,0,0.04324420297769026
1840,0,0.03710738082327922
1841,0,0.03459822429899212
1842,0,0.06703190301273527
1843,0,0.036249340384396256
1844,0,0.04556933801168604
1845,0,0.03650888944080979
1846,0,0.060664124326431125
1847,0,0.027404528909329717
1848,0,0.06663714512348543
1849,0,0.03816780702069535
1850,0,0.03687487320754787
1851,0,0.051531624663161864
1852,0,0.05439601387101311
1853,0,0.04144930986966569
1854,0,0.051248974684496754
1855,0,0.0547320404873414
1856,0,0.047082345114320016
1857,0,0.05263816617703406
1858,0,0.042548457398097705
1859,0,0.03975947105759923
1860,0,0.03664273970035873
1861,0,0.04673844010107256
1862,0,0.07580948156610098
1863,0,0.05371282275425379
1864,0,0.07145282156482867
1865,0,0.04640386255905068
1866,0,0.06373552974822057
1867,0,0.04099100442368231
1868,0,0.06647318784584391
1869,0,0.02701173959091282
1870,0,0.037464113944900915
1871,0,0.053219593986780694
1872,0,0.075328791494328
1873,0,0.04828530835974608
1874,0,0.06646247694855915
1875,0,0.05291139833530133
1876,0,0.12963782055678935
1877,0,0.12114755727135512
1878,0,0.14521222511854986
1879,0,0.1168422086553285
1880,0,0.1570604275823945
1881,0,0.14043281713755468
1882,0,0.11343257776807447
1883,0,0.08919880044813223
1884,0,0.09565430104006829
1885,0,0.08538298828465243
1886,0,0.06017136218305405
1887,0,0.10695934530759836
1888,0,0.09321809694793456
1889,0,0.1368490938404887
1890,0,0.13532657061084022
1891,0,0.029427919855885665
1892,0,0.0779489447472383
1893,0,0.0432850371395296
1894,0,0.018501320209118863
1895,0,0.033497371952463766
1896,0,0.044776771734995
1897,0,0.02934868421467002
1898,0,0.019679502768927302
1899,0,0.03046123109819424
1900,0,0.09898877386343764
1901,0,0.14594911200562494
1902,0,0.08659280657860734
1903,0,0.17899587328745342
1904,0,0.15990275637246337
1905,0,0.0984283243060885
1906,0,0.08829361695297731
1907,0,0.022016029308817676
1908,0,0.0710893677997596
1909,0,0.15264193797769396
1910,0,0.15519309915599475
1911,0,0.12428229100236637
1912,0,0.0934346282357803
1913,0,0.08170878789550674
1914,0,0.11024244723061391
1915,0,0.055290393095879006
1916,0,0.05484428623989395
1917,0,0.029026653855207897
1918,0,0.02792592037328218
1919,0,0.038954676188602266
1920,0,0.026861749462126775
1921,0,0.027510785608712635
1922,0,0.05952143281297969
1923,0,0.029599922413166842
1924,0,0.03557616386882609
1925,0,0.037269162155159186
1926,0,0.038268696288206575
1927,0,0.08424509362215685
1928,0,0.017492928278428858
1929,0,0.030686165921679064
1930,0,0.030103647058442675
1931,0,0.0279194170028894
1932,0,0.030379080526480366
1933,0,0.05923717686470135
1934,0,0.05657171068329946
1935,0,0.044724487740764415
1936,0,0.029617827033449538
1937,0,0.04208827236203882
1938,0,0.0771233625832327
1939,0,0.04120288449173831
1940,0,0.02803297766839361
1941,0,0.04965200220447723
1942,0,0.030122646896919524
1943,0,0.06300176243882069
1944,0,0.03914599967238221
1945,0,0.031226908341610442
1946,0,0.034525926812898296
1947,0,0.03537903870003428
1948,0,0.030660603461297106
1949,0,0.1007963244503542
1950,0,0.023686168211269933
1951,0,0.04989122665274321
1952,0,0.058770687781415455
1953,0,0.03239617219565728
1954,0,0.03754044552489257
1955,0,0.029947350172430533
1956,0,0.03788100442909433
1957,0,0.030816241922572235
1958,0,0.031813760176459004
1959,0,0.03346633923472208
1960,0,0.06477176992173836
1961,0,0.028383426222649555
1962,0,0.03158277655224325
1963,0,0.0781543770158331
1964,0,0.0525357232163398
1965,0,0.07714920204677675
1966,0,0.060023516275698914
1967,0,0.056217614386686245
1968,0,0.06371942864791541
1969,0,0.07128895211101109
1970,0,0.10177707316046071
1971,0,0.04088858656898773
1972,0,0.046577870255621795
1973,0,0.06894163171499174
1974,0,0.08785483201523214
1975,0,0.03248971077890868
1976,0,0.10362332518653979
1977,0,0.04656851207550167
1978,0,0.03619866453171004
1979,0,0.04211140118770466
1980,0,0.042789289603716155
1981,0,0.026216901622936186
1982,0,0.03640783786696129
1983,0,0.035429253004277635
1984,0,0.02721378801182491
1985,0,0.04111304965915789
1986,0,0.03795600275766208
1987,0,0.03595991673992364
1988,0,0.047222332124786416
1989,0,0.032797954560649406
1990,0,0.04691342189322596
1991,0,0.06116287754856943
1992,0,0.044085077810982184
1993,0,0.037159047743761636
1994,0,0.026801810126855848
1995,0,0.034608595201550726
1996,0,0.030934354147447742
1997,0,0.034334309305674694
1998,0,0.012454550984627468
1999,0,0.03477479673752601
2000,0,0.05126751251746888
2001,0,0.018648850359640094
2002,0,0.010350523863057064
2003,0,0.014398306896118575
2004,0,0.01515256109948136
2005,0,0.005587512151964224
2006,0,0.005924137813353096
2007,0,0.023772621682149716
2008,0,0.028392788418595834
2009,0,0.02297670732995722
2010,0,0.020194946159061693
2011,0,0.024720803275681717
2012,0,0.04698701325071745
2013,0,0.07282686498693554
2014,0,0.05070006384618288
2015,0,0.035050338378472705
2016,0,0.0038303658584752398
2017,0,0.010764899656194768
2018,0,0.010386775999237366
2019,0,0.03709891154414293
2020,0,0.056596338934025936
2021,0,0.025710918203331892
2022,0,0.01942496655275005
2023,0,0.04077702557137011
2024,0,0.028079486520269727
2025,0,0.02318040353144198
2026,0,0.019890942658147434
2027,0,0.02812948946099917
2028,0,0.018589097998127965
2029,0,0.016331663600054405
2030,0,0.014453317246280765
2031,0,0.021673020772444502
2032,0,0.018109053768135385
2033,0,0.017992456942585906
2034,0,0.000836674914053034
2035,0,0.0224939732253523
2036,0,0.013440130800797144
2037,0,0.010725714808706793
2038,0,0.024531951617963697
2039,0,0.016509368543786627
2040,0,0.025596391337855816
2041,0,0.029707976515846567
2042,0,0.04300946916042091
2043,0,0.02546622859738622
2044,0,0.016785094614115995
2045,0,0.029204292667013868
2046,0,0.014165957494018217
2047,0,0.012424119393868257
2048,0,0.040275972656868476
2049,0,0.024692150596379265
2050,0,0.023105736857069323
2051,0,0.018678041855484117
2052,0,0.0264117441346476
2053,0,0.04855098317966127
2054,0,0.023528310774106293
2055,0,0.026817083780996773
2056,0,0.039999638622392704
2057,0,0.013703553040698304
2058,0,0.019667520213311536
2059,0,0.019260398383511766
2060,0,0.056223584516808
2061,0,0.025490800275998385
2062,0,0.021313489561467815
2063,0,0.017707804566816535
2064,0,0.024133256382816798
2065,0,0.012132012319789397
2066,0,0.012902939516249797
2067,0,0.0072345858869244115
2068,0,0.0017774979686402091
2069,0,0.012592999276159436
2070,0,0.003516556076593456
2071,0,0.018109302990430943
2072,0,0.007730910405829195
2073,0,0.010097126778775724
2074,0,0.00328084139933095
2075,0,0.008495664859405384
2076,0,0.016212629643676573
2077,0,0.01053566136395162
2078,0,0.0029174283160479193
2079,0,0.035923873824332556
2080,0,0.009344112976171897
2081,0,0.020170668304098686
2082,0,0.02406032352230105
2083,0,0.03764307927652838
2084,0,0.022607667586012473
2085,0,0.014181953928705793
2086,0,0.02702885270328388
2087,0,0.023061713476384978
2088,0,0.020418967822937898
2089,0,0.02143033766652924
2090,0,0.024567561705434785
2091,0,0.04071024516774851
2092,0,0.03012900833458215
2093,0,0.02237776972505711
2094,0,0.015542009862989812
2095,0,0.011283133504578685
2096,0,0.02565087156593241
2097,0,0.014724966057466014
2098,0,0.042528309615942235
2099,0,0.02340427653728767
2100,0,0.014301362936867394
2101,0,0.023341862804174877
2102,0,0.05794481868418212
2103,0,0.025732404777031963
2104,0,0.02184302274815938
2105,0,0.017822690271984496
2106,0,0.02113040444644243
2107,0,0.018584437436305532
2108,0,0.020965539190309197
2109,0,0.009804871045115364
2110,0,0.01940367451205069
2111,0,0.038181325495178206
2112,0,0.012062710644723081
2113,0,0.015822411513672335
2114,0,0.015855212112753123
2115,0,0.015260042975017938
2116,0,0.017647807162330498
2117,0,0.007284724725397208
2118,0,0.023693669762080902
2119,0,0.030317422349254483
2120,0,0.020655790696911595
2121,0,0.02175421045020351
2122,0,0.03319334059010629
2123,0,0.026682401131525698
2124,0,0.05916382261031878
2125,0,0.03851692820726133
2126,0,0.05788352214051253
2127,0,0.0198893150944515
2128,0,0.017345845515611538
2129,0,0.014885622582248764
2130,0,0.03489120272046116
2131,0,0.021026486464234714
2132,0,0.02467035012590122
2133,0,0.0372612748280061
2134,0,0.021771545198055704
2135,0,0.0578206964508854
2136,0,0.01242899057052217
2137,0,0.02324954233761694
2138,0,0.013751186163910557
2139,0,0.013112061116739624
2140,0,0.006141675408464275
2141,0,0.0028737156849303297
2142,0,0.00625140245556326
2143,0,0.006525618824580922
2144,0,0.005853596828252305
2145,0,0.0010431687472801949
2146,0,0.0055398272501033085
2147,0,0.009971229278150563
2148,0,0.0056152421817968765
2149,0,0.012980604153193903
2150,0,0.0016802102817925265
2151,0,0.0009896452608056778
2152,0,0.007059558491795233
2153,0,0.006723250003524956
2154,0,0.00528249167244002
2155,0,0.0033075011577037875
2156,0,0.007926087895580237
2157,0,0.005120687963048964
2158,0,0.005471768634889504
2159,0,0.006464339346493543
2160,0,0.01813097120945968
2161,0,0.004017765537642225
2162,0,0.006423135432307317
2163,0,0.008863069102163158
2164,0,0.0035131924850996905
2165,0,0.004139470176290514
2166,0,0.0019858242573180434
2167,0,0.008014060150580716
2168,0,0.0036060419025063122
2169,0,0.01429566662627407
2170,0,0.002891839138066248
2171,0,0.028525894572606354
2172,0,0.012840972334488755
2173,0,0.006502304253954367
2174,0,0.01416639612680956
2175,0,0.0055585460772923185
2176,0,0.013574365767787823
2177,0,0.018720883937215712
2178,0,0.0051261609283772495
2179,0,0.008948971455259679
2180,0,0.014339858926311268
2181,0,0.0015906759534839864
2182,0,0.04097354312540979
2183,0,0.015557866175755254
2184,0,0.022333836640221028
2185,0,0.013021584614320129
2186,0,0.0145233056012581
2187,0,0.025384857443013043
2188,0,0.007484641401713157
2189,0,0.02060441994311824
2190,0,0.014455445965144326
2191,0,0.014498262429476258
2192,0,0.028015775521590694
2193,0,0.03351521046268882
2194,0,0.024727590129185455
2195,0,0.0029454082200086025
2196,0,0.03267207476046425
2197,0,0.019240644396828606
2198,0,0.02470986824427795
2199,0,0.00927509108599066
2200,0,0.007081717140963576
2201,0,0.007714313834546123
2202,0,0.020931409019283774
2203,0,0.016990596722623298
2204,0,0.012496959630680893
2205,0,0.02049810380320163
2206,0,0.01928176630234225
2207,0,0.005442496035958886
2208,0,0.00702278342624476
2209,0,0.013821971939814959
2210,0,0.008976757384597918
2211,0,0.02311136130941088
2212,0,0.016116042623479786
2213,0,0.03778769366657069
2214,0,0.021684465528169904
2215,0,0.025788419554531292
2216,0,0.028457412481431455
2217,0,0.0222880701491593
2218,0,0.012527713212190879
2219,0,0.016365214622555045
2220,0,0.04130910341202851
2221,0,0.022697061318568353
2222,0,0.039693610523524415
2223,0,0.011470017206146363
2224,0,0.012310586287121636
2225,0,0.01233462250426444
2226,0,0.045177255705246826
2227,0,0.017046494467772153
2228,0,0.008147278479579717
2229,0,0.019320485233035572
2230,0,0.02037830547613299
2231,0,0.01719167074395658
2232,0,0.024219455996046777
2233,0,0.03045429098144367
2234,0,0.036479008065074606
2235,0,0.05540507851814198
2236,0,0.07003028699453512
2237,0,0.13312611531308913
2238,0,0.014119388331012185
2239,0,0.010465840833619912
2240,0,0.019229410897489873
2241,0,0.02491859795489377
2242,0,0.045141750757321665
2243,0,0.0523963251732723
2244,0,0.0343468315738838
2245,0,0.035386172338853064
2246,0,0.01663520749722913
2247,0,0.027837006014463785
2248,0,0.012106877102532144
2249,0,0.01589720938698481
2250,0,0.001524788399143055
2251,0,0.01387865424876664
2252,0,0.0095180488097292
2253,0,0.008376644388382034
2254,0,0.009028851409144315
2255,0,0.006248751521785244
2256,0,0.013195366685602191
2257,0,0.010562482374251586
2258,0,0.024127183200422876
2259,0,0.02204641134024461
2260,0,0.013796367857913048
2261,0,0.02474424628151129
2262,0,0.023126112270767663
2263,0,0.018380466381504253
2264,0,0.032317894432031535
2265,0,0.026896137011967722
2266,0,0.012026948340584135
2267,0,0.01613374642184996
2268,0,0.02945575393129801
2269,0,0.015576178764624547
2270,0,0.020843492817670266
2271,0,0.01865456603362415
2272,0,0.04775771204219742
2273,0,0.035830126872384606
2274,0,0.0355407896050939
2275,0,0.017959803240378214
2276,0,0.022735648256939776
2277,0,0.024953821676989604
2278,0,0.019864815410858286
2279,0,0.02956505388525121
2280,0,0.02044690479809843
2281,0,0.015432950312104066
2282,0,0.04337971386413057
2283,0,0.011040176693020138
2284,0,0.021351474622384004
2285,0,0.012254199935693393
2286,0,0.014731705589465714
2287,0,0.02504108655724942
2288,0,0.018292493693991833
2289,0,0.025251342982414406
2290,0,0.02053764469008961
2291,0,0.006760971634634013
2292,0,0.024115901392178438
2293,0,0.03209992602856105
2294,0,0.026430847766340658
2295,0,0.008485400720434152
2296,0,0.006278591407602729
2297,0,0.016369938552535483
2298,0,0.004744661235719083
2299,0,0.01302190651575059
2300,0,0.011274439026043472
2301,0,0.014654720918180087
2302,0,0.021884787074655503
2303,0,0.02764412505164301
2304,0,0.050521254302139634
2305,0,0.011492823156710555
2306,0,0.016965884791137326
2307,0,0.008759845485462003
2308,0,0.02111746819114304
2309,0,0.015528735509764368
2310,0,0.022898624508844983
2311,0,0.04006951931679082
2312,0,0.05883241214554409
2313,0,0.025060249247545654
2314,0,0.04572463272380585
2315,0,0.010796368468790271
2316,0,0.01247679397335342
2317,0,0.018344420130258297
2318,0,0.018425676423297586
2319,0,0.0055733666016270006
2320,0,0.11694069852224412
2321,0,0.06688935765793622
2322,0,0.08054583785419055
2323,0,0.0789585182570925
2324,0,0.06362646888666397
2325,0,0.05137731896536243
2326,0,0.09341888142479313
2327,0,0.03467250979451621
2328,0,0.06201251116579352
2329,0,0.06932201422788604
2330,0,0.06946787980930441
2331,0,0.044212217602002286
2332,0,0.058495314670576094
2333,0,0.038788472639618266
2334,0,0.03738839786043121
2335,0,0.0308946225806156
2336,0,0.0408629237455062
2337,0,0.02429974506289504
2338,0,0.04386089866629835
2339,0,0.04678386468456198
2340,0,0.049941871324651325
2341,0,0.03787069751132257
2342,0,0.0204773240835282
2343,0,0.06766131514651358
2344,0,0.054055288352394794
2345,0,0.08430593125630387
2346,0,0.08538298190412698
2347,0,0.06435577146012059
2348,0,0.038871852234367385
2349,0,0.02654681847694429
2350,0,0.030508927470477693
2351,0,0.055121980394034
2352,0,0.08246793832909453
2353,0,0.06478179649488323
2354,0,0.06521324844328949
2355,0,0.08783079495015932
2356,0,0.06812477086957498
2357,0,0.07793564375294394
2358,0,0.05715630711707573
2359,0,0.08240642909068883
2360,0,0.08267141466328355
2361,0,0.0827685399197835
2362,0,0.08477396947671004
2363,0,0.06987684027377385
2364,0,0.0426478318073336
2365,0,0.050893108147799564
2366,0,0.06101431463919557
2367,0,0.056722504196671866
2368,0,0.08462190238887754
2369,0,0.06340787201742963
2370,0,0.07042785957208716
2371,0,0.0723839828298762
2372,0,0.08525876625671895
2373,0,0.06402953275857394
2374,0,0.08924621313098272
2375,0,0.06847571197261101
2376,0,0.07045854211994441
2377,0,0.08209380445483717
2378,0,0.07319789986381538
2379,0,0.06370555829013295
2380,0,0.061401114857202295
2381,0,0.06813667451550125
2382,0,0.08579640963316885
2383,0,0.05462336013736884
2384,0,0.09542934739662028
2385,0,0.09340515998016703
2386,0,0.08559307472597232
2387,0,0.11048527286022397
2388,0,0.05670599868694968
2389,0,0.06865538312090184
2390,0,0.06301336242174534
2391,0,0.06356468661647928
2392,0,0.0884365149232324
2393,0,0.07735847205827821
2394,0,0.1001684144132096
2395,0,0.06728276166296195
2396,0,0.0932578823543037
2397,0,0.10970848096104723
2398,0,0.07070975101957175
2399,0,0.054127693892204225
2400,0,0.06570896659507583
2401,0,0.07078314602464017
2402,0,0.053937265555027675
2403,0,0.05141118753623646
2404,0,0.04578883225317137
2405,0,0.0524401758660859
2406,0,0.06302213591691949
2407,0,0.051724639649703114
2408,0,0.048270825348567636
2409,0,0.07520304114892713
2410,0,0.06576461778903349
2411,0,0.07042813807466497
2412,0,0.07704448142190606
2413,0,0.058544228050400986
2414,0,0.039882982465592354
2415,0,0.06379184671558706
2416,0,0.06126147264293971
2417,0,0.07285176467787746
2418,0,0.059312297761627136
2419,0,0.04763814156812617
2420,0,0.11651323671305491
2421,0,0.08692538732109041
2422,0,0.10449346578392528
2423,0,0.06629572018105473
2424,0,0.08742887917657544
2425,0,0.07569731507662388
2426,0,0.10110941082911497
2427,0,0.10158939561630498
2428,0,0.0126674951867065
2429,0,0.0017208017943208423
2430,0,0.011990897037953575
2431,0,0.01520354816187032
2432,0,0.007588721183889704
2433,0,0.006299379155374997
2434,0,0.009177396194750543
2435,0,0.008542299948040207
2436,0,0.006282101274583838
2437,0,0.013879012684813046
2438,0,0.008484544262144258
2439,0,0.0035500132158272687
2440,0,0.0067305368972111175
2441,0,0.004946536173244191
2442,0,0.023203731942615994
2443,0,0.016194057810743564
2444,0,0.032973715188336326
2445,0,0.013208645666410423
2446,0,0.0051597132536785615
2447,0,0.008502291882042785
2448,0,0.01992634709148339
2449,0,0.008221704690585845
2450,0,0.012277387871362191
2451,0,0.007375596938737711
2452,0,0.01626912386129931
2453,0,0.01960223936940019
2454,0,0.016065044439169715
2455,0,0.024054383737629473
2456,0,0.025318782469349703
2457,0,0.015943143077620257
2458,0,0.01096011904852152
2459,0,0.005097053499618251
2460,0,0.00317484157112789
2461,0,0.0077555637928642
2462,0,0.020229455852109297
2463,0,0.003157748891339387
2464,0,0.0033867277867644235
2465,0,0.016368362406812772
2466,0,0.02798361483135732
2467,0,0.003156615779322685
2468,0,0.013081569956965954
2469,0,0.012670911511454944
2470,0,0.01133548944234366
2471,0,0.015145933159762233
2472,0,0.0063151308017243895
2473,0,0.007798198784179403
2474,0,0.010179346581272765
2475,0,0.00537311656483784
2476,0,0.005082999176990318
2477,0,0.010307644502740349
2478,0,0.005895939491642932
2479,0,0.003580851010107973
2480,0,0.0075078848319786815
2481,0,0.016629719670522215
2482,0,0.006539745922035849
2483,0,0.01496797834664609
2484,0,0.012571700854137845
2485,0,0.017055532903904862
2486,0,0.01767765964587885
2487,0,0.021744318663948405
2488,0,0.006807623707455793
2489,0,0.02121028077062024
2490,0,0.002836680838237919
2491,0,0.02220284645359009
2492,0,0.012046719413466515
2493,0,0.010332332360747027
2494,0,0.019856429340142662
2495,0,0.003959442248774946
2496,0,0.0038648030731375346
2497,0,0.01764821541861456
2498,0,0.017389627664112995
2499,0,0.02686820164381959
2500,0,0.01504028286467314
2501,0,0.0055079538285107985
2502,0,0.012897770724475234
2503,0,0.012882386024864764
2504,0,0.00947115305658635
2505,0,0.008492374786596027
2506,0,0.011678382906153594
2507,0,0.005197151484417124
2508,0,0.013220038521330286
2509,0,0.004821598499147589
2510,0,0.007854252254883327
2511,0,0.007922449222812674
2512,0,0.006964306044320711
2513,0,0.01542002257273158
2514,0,0.007836925156661572
2515,0,0.003792669913798042
2516,0,0.01273261363881412
2517,0,0.006750596390148368
2518,0,0.031909971468441205
2519,0,0.00821947558975717
2520,0,0.02159543763243081
2521,0,0.007371903071674604
2522,0,0.019992462576613648
2523,0,0.00747894720374958
2524,0,0.005742214782907852
2525,0,0.011764789773028405
2526,0,0.009157582121639429
2527,0,0.006431601557729923
2528,0,0.009739352771564909
2529,0,0.009329252124144243
2530,0,0.007974700434138286
2531,0,0.01501114534430391
2532,0,0.01498337022481664
2533,0,0.016052904646065225
2534,0,0.015251819172670208
2535,0,0.0069975132944558645
2536,0,0.001828221429203753
2537,0,0.010896516561520034
2538,0,0.009313951681322655
2539,0,0.038199939928702
2540,0,0.041029548220011515
2541,0,0.034903184175187535
2542,0,0.05081463947788298
2543,0,0.035067382449472044
2544,0,0.06835089549206684
2545,0,0.03892187305524121
2546,0,0.03217320494355816
2547,0,0.03018060799054213
2548,0,0.02324764221079524
2549,0,0.02013119267448014
2550,0,0.02610247683955404
2551,0,0.030131522568691685
2552,0,0.03775365696483373
2553,0,0.014181236613024109
2554,0,0.023505626049360115
2555,0,0.009426719050989508
2556,0,0.03640362954277234
2557,0,0.014826259444751648
2558,0,0.0441533137630191
2559,0,0.03143055212170185
2560,0,0.026260223498361164
2561,0,0.034600679279896865
2562,0,0.05701464797810045
2563,0,0.035153553207806915
2564,0,0.059923398804701024
2565,0,0.036675910279045015
2566,0,0.027284018841757903
2567,0,0.04355713021447945
2568,0,0.015725125366072637
2569,0,0.01605630819662842
2570,0,0.023763718979258785
2571,0,0.03581594949412418
2572,0,0.0541024555967335
2573,0,0.06877941978337639
2574,0,0.04893172276737177
2575,0,0.037509917152523296
2576,0,0.02826752334642
2577,0,0.039922538251792684
2578,0,0.026092067065603672
2579,0,0.021286200686699463
2580,0,0.024569497448236617
2581,0,0.0448524163300211
2582,0,0.03745234548520515
2583,0,0.023208018175171975
2584,0,0.03824663679567164
2585,0,0.048389670385278256
2586,0,0.03146896255522754
2587,0,0.03445037647821476
2588,0,0.048594647742181654
2589,0,0.030487737807959426
2590,0,0.03640082796818971
2591,0,0.039991698492465554
2592,0,0.048654667331601516
2593,0,0.03688782263646077
2594,0,0.022921697386690944
2595,0,0.02690474966153647
2596,0,0.0381909028642579
2597,0,0.02713612176491422
2598,0,0.026011711742514397
2599,0,0.027985595290695952
2600,0,0.029193592468395525
2601,0,0.026569982355590296
2602,0,0.01765150301749515
2603,0,0.023288825479455398
2604,0,0.030938171019440276
2605,0,0.031211583007929877
2606,0,0.03308205642823856
2607,0,0.028562376745337906
2608,0,0.03831069252227881
2609,0,0.02537274542933408
2610,0,0.014063495290110176
2611,0,0.02359730750407195
2612,0,0.031974085054291064
2613,0,0.03377772793705187
2614,0,0.03270798739118083
2615,0,0.037662336749194496
2616,0,0.04900504069669179
2617,0,0.045827159181692126
2618,0,0.024567755575084428
2619,0,0.030705986146402738
2620,0,0.039473379492526
2621,0,0.047580699214051274
2622,0,0.04442672725126111
2623,0,0.027680338580730823
2624,0,0.03483580161103408
2625,0,0.04803599327652101
2626,0,0.03736354672677168
2627,0,0.02572612093885028
2628,0,0.048340076930835814
2629,0,0.04645104252186049
2630,0,0.027551319660662585
2631,0,0.03546445914312442
2632,0,0.022292900635238082
2633,0,0.0330872919533381
2634,0,0.034540876928611304
2635,0,0.031592256111760766
2636,0,0.02721227883132379
2637,0,0.027775885708916172
2638,0,0.04840015047817863
2639,0,0.03638438767279157
2640,0,0.01698611296504769
2641,0,0.03182353421333409
2642,0,0.020855812474449235
2643,0,0.021055084663061822
2644,0,0.023786475390800473
2645,0,0.04244228317902045
2646,0,0.04070315304228518
2647,0,0.03936881106518971
2648,0,0.03490873999711347
2649,0,0.04418182385298905
2650,0,0.03832112016150325
2651,0,0.024543144468319678
2652,0,0.03421587845855271
2653,0,0.039309200643679175
2654,0,0.030817743163546428
2655,0,0.03683663991751693
2656,0,0.025041663068398085
2657,0,0.03294167186364096
2658,0,0.029060013064486842
2659,0,0.012317879616417591
2660,0,0.0291635489896164
2661,0,0.03740217394963988
2662,0,0.039722727638443964
2663,0,0.029513739729292214
2664,0,0.021639610394812173
2665,0,0.034706395767373444
2666,0,0.012824685585525616
2667,0,0.01925007731971328
2668,0,0.020509129220568054
2669,0,0.016901309642031685
2670,0,0.02916677353502622
2671,0,0.02937946041433016
2672,0,0.02654149374336735
2673,0,0.02945816137319839
2674,0,0.03866158774060035
2675,0,0.04584080963378935
2676,0,0.02963624916390477
2677,0,0.03772889369097391
2678,0,0.04759108004285446
2679,0,0.01715693090033413
2680,0,0.0187673973666157
2681,0,0.01763331719781771
2682,0,0.03961516377568655
2683,0,0.042712212290027994
2684,0,0.06590824826887373
2685,0,0.036104999581401
2686,0,0.03562227356873004
2687,0,0.05567446783258355
2688,0,0.04088547586127539
2689,0,0.02420024387133284
2690,0,0.026973243921757185
2691,0,0.033176510328154
2692,0,0.017454871509618178
2693,0,0.028325777300147428
2694,0,0.02479927212907019
2695,0,0.03240413505732383
2696,0,0.024104806951475207
2697,0,0.024447377399465033
2698,0,0.0282748948685711
2699,0,0.014271999494698874
2700,0,0.023540093524870898
2701,0,0.030297255894366857
2702,0,0.029586792714109005
2703,0,0.03962223324010092
2704,0,0.023970292126506067
2705,0,0.03248692468889841
2706,0,0.031843621573908444
2707,0,0.026120980955948295
2708,0,0.03965534586484388
2709,0,0.02210976970299412
2710,0,0.029994973653550965
2711,0,0.036921193780790805
2712,0,0.02414907435802734
2713,0,0.0208346359554151
2714,0,0.024449017064152954
2715,0,0.020776948919818964
2716,0,0.024719780783231154
2717,0,0.019898851076103508
2718,0,0.020336649749235727
2719,0,0.02019631215299705
2720,0,0.013607073200669232
2721,0,0.016903996461363292
2722,0,0.00958904629261233
2723,0,0.02831916827309543
2724,0,0.02102450483035976
2725,0,0.01956420933683196
2726,0,0.010171970952886175
2727,0,0.024160546256828373
2728,0,0.012318690853244938
2729,0,0.012206625371983918
2730,0,0.011425347279441146
2731,0,0.025297787579889725
2732,0,0.013940472280623683
2733,0,0.020046044046944145
2734,0,0.023148390720771645
2735,0,0.009428227896760757
2736,0,0.040105804215197945
2737,0,0.02146925681353946
2738,0,0.027565414661700986
2739,0,0.02411520228714732
2740,0,0.023387416013795806
2741,0,0.033655583342436075
2742,0,0.03638355592290267
2743,0,0.0255763569072929
2744,0,0.02402497526687736
2745,0,0.0316555212574802
2746,0,0.028934151385076573
2747,0,0.026536128203592278
2748,0,0.030562878355495825
2749,0,0.02462574487227613
2750,0,0.028318441444673003
2751,0,0.02927122794815589
2752,0,0.01643800985034286
2753,0,0.02040168315266814
2754,0,0.0323255692804714
2755,0,0.039007954448062016
2756,0,0.012352572889804786
2757,0,0.019247086379822018
2758,0,0.017310294275515344
2759,0,0.01612780123290643
2760,0,0.027783460981695273
2761,0,0.02912052593825409
2762,0,0.03370410764692726
2763,0,0.058661228423955
2764,0,0.05274942913236107
2765,0,0.033789473106564175
2766,0,0.03432279623465211
2767,0,0.023243671467739476
2768,0,0.043387399728151414
2769,0,0.024607867624809602
2770,0,0.0269574195331578
2771,0,0.023655559810888613
2772,0,0.018023006684197103
2773,0,0.022283931680645415
2774,0,0.0331946166279566
2775,0,0.007887226039263354
2776,0,0.006658490660395085
2777,0,0.008767298748572553
2778,0,0.014943705531855556
2779,0,0.0068960300539436204
2780,0,0.0058520963171772794
2781,0,0.019046118724120247
2782,0,0.02290192405069393
2783,0,0.010928711106267473
2784,0,0.03018200728526586
2785,0,0.020192950540096677
2786,0,0.02881738269951814
2787,0,0.03213570879759062
2788,0,0.03454202861990196
2789,0,0.03337100198694661
2790,0,0.020273490953944456
2791,0,0.026454399545723203
2792,0,0.025541100708940893
2793,0,0.026797083912287818
2794,0,0.037566023981324574
2795,0,0.037146128228995046
2796,0,0.05864256732462453
2797,0,0.01785549573470604
2798,0,0.03133671452187336
2799,0,0.03303757091875914
2800,0,0.01694439983199651
2801,0,0.01818930093662958
2802,0,0.02494360378128088
2803,0,0.013845505139465754
2804,0,0.015467263221566338
2805,0,0.02011788890878907
2806,0,0.011122267465694667
2807,0,0.02677925313019291
2808,0,0.0203109496065714
2809,0,0.012748668301812436
2810,0,0.03360913618420371
2811,0,0.013355342584580914
2812,0,0.04011037123021981
2813,0,0.022504293550589374
2814,0,0.040364626902489834
2815,0,0.019697237054305126
2816,0,0.022764270536387122
2817,0,0.04112365423833157
2818,0,0.037252887689061175
2819,0,0.030610189312723475
2820,0,0.04418202150865277
2821,0,0.03083801965840336
2822,0,0.037527424721213364
2823,0,0.024587231583980948
2824,0,0.026585838589489534
2825,0,0.037600800799868786
2826,0,0.03380504743850172
2827,0,0.037927737679792524
2828,0,0.031398642166507826
2829,0,0.034299391129845154
2830,0,0.030328771743300065
2831,0,0.027533075007314504
2832,0,0.02859634389580478
2833,0,0.021264705581662338
2834,0,0.061474347376393075
2835,0,0.02759839268626314
2836,0,0.025812050202060434
2837,0,0.028804879740237186
2838,0,0.017307823168607874
2839,0,0.021971303563768238
2840,0,0.023288476519734664
2841,0,0.023799590477891933
2842,0,0.012919600210675326
2843,0,0.005216599889108612
2844,0,0.013560735731653683
2845,0,0.0400930134074828
2846,0,0.012698208051533197
2847,0,0.01660865775821157
2848,0,0.01913944886172561
2849,0,0.020294423975197814
2850,0,0.012172546783488544
2851,0,0.02316340029518743
2852,0,0.011525144942152218
2853,0,0.009452879156008768
2854,0,0.028115817900205342
2855,0,0.04003314735970008
2856,0,0.031177733845445452
2857,0,0.010844673504126826
2858,0,0.01396696651504577
2859,0,0.029640807756955108
2860,0,0.022746567976410042
2861,0,0.050094524021231907
2862,0,0.017351843249770932
2863,0,0.02639586420914219
2864,0,0.022114190184362725
2865,0,0.03639257482493398
2866,0,0.015030463230362435
2867,0,0.03406122272839385
2868,0,0.039241037698352015
2869,0,0.012223002212171293
2870,0,0.04395029803245647
2871,0,0.025988877014058966
2872,0,0.0965783782418683
2873,0,0.09243526353317102
2874,0,0.09889934630312229
2875,0,0.13227566528551696
2876,0,0.0935583098641563
2877,0,0.08189254642844056
2878,0,0.08648340048915053
2879,0,0.1027359587597313
2880,0,0.10057307322090372
2881,0,0.08832332019092586
2882,0,0.09072634294509069
2883,0,0.09808423457244297
2884,0,0.08473358027737893
2885,0,0.13344891524215782
2886,0,0.03694130906428792
2887,0,0.038595288923696194
2888,0,0.017659878914943018
2889,0,0.05703801199584142
2890,0,0.0627917581678202
2891,0,0.05905911315567994
2892,0,0.07816721892401803
2893,0,0.09118857117048737
2894,0,0.05994730872972841
2895,0,0.08904482079278798
2896,0,0.09789650670307316
2897,0,0.06612886004734544
2898,0,0.056894126990027744
2899,0,0.06013262036994983
2900,0,0.06508408700966316
2901,0,0.03364844476667842
2902,0,0.05515773644110224
2903,0,0.0824374192639353
2904,0,0.10652689182868681
2905,0,0.0594152946693967
2906,0,0.0831601485810981
2907,0,0.11409154850902183
2908,0,0.12301629499004735
2909,0,0.14031658480525877
2910,0,0.11601730498998027
2911,0,0.07300200244502787
2912,0,0.10994227680432121
2913,0,0.0683252636285987
2914,0,0.0620686952663167
2915,0,0.058974628895606285
2916,0,0.06361208002035439
2917,0,0.048268477354623654
2918,0,0.05899758975546007
2919,0,0.060926296258335684
2920,0,0.057395084441374374
2921,0,0.05885030952294224
2922,0,0.07477716044246607
2923,0,0.08111794971119769
2924,0,0.08587175923933694
2925,0,0.06706766526372472
2926,0,0.0719261692771496
2927,0,0.07810002726504076
