0,-1.0,0.24197072451914337
1,-0.999,0.24221269516298546
2,-0.998,0.24245466532260415
3,-0.997,0.24269663451333393
4,-0.996,0.2429386022500282
5,-0.995,0.2431805680470608
6,-0.994,0.24342253141832756
7,-0.993,0.24366449187724756
8,-0.992,0.24390644893676475
9,-0.991,0.24414840210934938
10,-0.99,0.2443903509069996
11,-0.989,0.24463229484124274
12,-0.988,0.24487423342313686
13,-0.987,0.24511616616327248
14,-0.986,0.24535809257177368
15,-0.985,0.24560001215829985
16,-0.984,0.2458419244320472
17,-0.983,0.24608382890175012
18,-0.982,0.2463257250756829
19,-0.981,0.24656761246166098
20,-0.98,0.24680949056704274
21,-0.979,0.24705135889873084
22,-0.978,0.24729321696317375
23,-0.977,0.24753506426636745
24,-0.976,0.24777690031385682
25,-0.975,0.24801872461073715
26,-0.974,0.24826053666165568
27,-0.973,0.24850233597081342
28,-0.972,0.24874412204196625
29,-0.971,0.2489858943784268
30,-0.97,0.24922765248306594
31,-0.969,0.24946939585831426
32,-0.968,0.24971112400616371
33,-0.967,0.2499528364281691
34,-0.966,0.2501945326254498
35,-0.965,0.2504362120986911
36,-0.964,0.25067787434814603
37,-0.963,0.2509195188736368
38,-0.962,0.2511611451745563
39,-0.961,0.25140275274986995
40,-0.96,0.2516443410981171
41,-0.959,0.25188590971741276
42,-0.958,0.25212745810544884
43,-0.957,0.25236898575949634
44,-0.956,0.25261049217640646
45,-0.955,0.25285197685261257
46,-0.954,0.2530934392841314
47,-0.953,0.2533348789665651
48,-0.952,0.25357629539510257
49,-0.951,0.2538176880645214
50,-0.95,0.254059056469189
51,-0.949,0.25430040010306476
52,-0.948,0.25454171845970125
53,-0.947,0.2547830110322462
54,-0.946,0.25502427731344407
55,-0.945,0.25526551679563736
56,-0.944,0.25550672897076887
57,-0.943,0.2557479133303827
58,-0.942,0.25598906936562654
59,-0.941,0.2562301965672527
60,-0.94,0.25647129442562033
61,-0.939,0.2567123624306969
62,-0.938,0.2569534000720595
63,-0.9369999999999999,0.2571944068388971
64,-0.9359999999999999,0.25743538222001205
65,-0.9349999999999999,0.2576763257038214
66,-0.9339999999999999,0.2579172367783591
67,-0.9329999999999999,0.2581581149312773
68,-0.9319999999999999,0.25839895964984844
69,-0.9309999999999999,0.2586397704209665
70,-0.9299999999999999,0.25888054673114885
71,-0.9289999999999999,0.25912128806653834
72,-0.9279999999999999,0.2593619939129043
73,-0.9269999999999999,0.259602663755645
74,-0.9259999999999999,0.25984329707978865
75,-0.9249999999999999,0.2600838933699957
76,-0.9239999999999999,0.26032445211056027
77,-0.9229999999999999,0.26056497278541196
78,-0.9219999999999999,0.26080545487811746
79,-0.9209999999999999,0.2610458978718824
80,-0.9199999999999999,0.26128630124955315
81,-0.9189999999999999,0.2615266644936184
82,-0.9179999999999999,0.26176698708621093
83,-0.9169999999999999,0.2620072685091094
84,-0.9159999999999999,0.26224750824374016
85,-0.9149999999999999,0.26248770577117886
86,-0.9139999999999999,0.2627278605721524
87,-0.9129999999999999,0.2629679721270404
88,-0.9119999999999999,0.2632080399158771
89,-0.9109999999999999,0.2634480634183534
90,-0.9099999999999999,0.2636880421138182
91,-0.9089999999999999,0.2639279754812804
92,-0.9079999999999999,0.26416786299941053
93,-0.9069999999999999,0.26440770414654274
94,-0.9059999999999999,0.26464749840067653
95,-0.9049999999999999,0.2648872452394783
96,-0.9039999999999999,0.2651269441402834
97,-0.9029999999999999,0.26536659458009787
98,-0.9019999999999999,0.26560619603560015
99,-0.9009999999999999,0.26584574798314287
100,-0.8999999999999999,0.26608524989875487
101,-0.8989999999999999,0.26632470125814267
102,-0.8979999999999999,0.2665641015366926
103,-0.8969999999999999,0.2668034502094722
104,-0.8959999999999999,0.26704274675123274
105,-0.8949999999999999,0.2672819906364102
106,-0.8939999999999999,0.2675211813391276
107,-0.8929999999999999,0.26776031833319675
108,-0.8919999999999999,0.2679994010921201
109,-0.8909999999999999,0.2682384290890923
110,-0.8899999999999999,0.2684774017970024
111,-0.8889999999999999,0.26871631868843554
112,-0.8879999999999999,0.26895517923567464
113,-0.8869999999999999,0.26919398291070246
114,-0.8859999999999999,0.2694327291852035
115,-0.8849999999999999,0.26967141753056534
116,-0.8839999999999999,0.2699100474178813
117,-0.8829999999999999,0.2701486183179516
118,-0.8819999999999999,0.2703871297012856
119,-0.8809999999999999,0.27062558103810347
120,-0.8799999999999999,0.27086397179833804
121,-0.8789999999999999,0.271102301451637
122,-0.8779999999999999,0.2713405694673643
123,-0.8769999999999999,0.2715787753146024
124,-0.8759999999999999,0.2718169184621539
125,-0.8749999999999999,0.2720549983785436
126,-0.8739999999999999,0.27229301453202015
127,-0.8729999999999999,0.27253096639055824
128,-0.8719999999999999,0.27276885342186036
129,-0.8709999999999999,0.27300667509335846
130,-0.8699999999999999,0.2732444308722163
131,-0.8689999999999999,0.2734821202253309
132,-0.8679999999999999,0.27371974261933485
133,-0.8669999999999999,0.2739572975205978
134,-0.8659999999999999,0.27419478439522854
135,-0.8649999999999999,0.2744322027090773
136,-0.8639999999999999,0.27466955192773695
137,-0.8629999999999999,0.27490683151654544
138,-0.8619999999999999,0.2751440409405874
139,-0.8609999999999999,0.2753811796646965
140,-0.8599999999999999,0.27561824715345673
141,-0.8589999999999999,0.275855242871205
142,-0.8579999999999999,0.27609216628203254
143,-0.8569999999999999,0.2763290168497871
144,-0.8559999999999999,0.276565794038075
145,-0.8549999999999999,0.27680249731026274
146,-0.8539999999999999,0.2770391261294791
147,-0.8529999999999999,0.2772756799586172
148,-0.8519999999999999,0.27751215826033615
149,-0.8509999999999999,0.2777485604970635
150,-0.8499999999999999,0.2779848861309965
151,-0.8489999999999999,0.27822113462410486
152,-0.8479999999999999,0.27845730543813196
153,-0.8469999999999999,0.27869339803459725
154,-0.8459999999999999,0.2789294118747982
155,-0.8449999999999999,0.279165346419812
156,-0.8439999999999999,0.2794012011304979
157,-0.8429999999999999,0.2796369754674988
158,-0.8419999999999999,0.27987266889124357
159,-0.8409999999999999,0.2801082808619487
160,-0.8399999999999999,0.2803438108396206
161,-0.8389999999999999,0.28057925828405744
162,-0.8379999999999999,0.280814622654851
163,-0.8369999999999999,0.281049903411389
164,-0.8359999999999999,0.28128510001285667
165,-0.8349999999999999,0.281520211918239
166,-0.8339999999999999,0.28175523858632284
167,-0.8329999999999999,0.2819901794756986
168,-0.8319999999999999,0.28222503404476257
169,-0.8309999999999998,0.2824598017517186
170,-0.8299999999999998,0.2826944820545803
171,-0.8289999999999998,0.2829290744111731
172,-0.8279999999999998,0.28316357827913624
173,-0.8269999999999998,0.2833979931159245
174,-0.8259999999999998,0.2836323183788107
175,-0.8249999999999998,0.2838665535248873
176,-0.8239999999999998,0.28410069801106874
177,-0.8229999999999998,0.2843347512940932
178,-0.8219999999999998,0.2845687128305247
179,-0.8209999999999998,0.2848025820767554
180,-0.8199999999999998,0.28503635848900727
181,-0.8189999999999998,0.28527004152333424
182,-0.8179999999999998,0.28550363063562434
183,-0.8169999999999998,0.2857371252816017
184,-0.8159999999999998,0.28597052491682845
185,-0.8149999999999998,0.286203828996707
186,-0.8139999999999998,0.2864370369764819
187,-0.8129999999999998,0.28667014831124193
188,-0.8119999999999998,0.28690316245592223
189,-0.8109999999999998,0.2871360788653064
190,-0.8099999999999998,0.2873688969940284
191,-0.8089999999999998,0.2876016162965745
192,-0.8079999999999998,0.2878342362272858
193,-0.8069999999999998,0.28806675624036
194,-0.8059999999999998,0.2882991757898532
195,-0.8049999999999998,0.28853149432968256
196,-0.8039999999999998,0.28876371131362794
197,-0.8029999999999998,0.2889958261953342
198,-0.8019999999999998,0.28922783842831296
199,-0.8009999999999998,0.28945974746594516
200,-0.7999999999999998,0.28969155276148284
201,-0.7989999999999998,0.28992325376805106
202,-0.7979999999999998,0.2901548499386504
203,-0.7969999999999998,0.2903863407261589
204,-0.7959999999999998,0.2906177255833338
205,-0.7949999999999998,0.2908490039628144
206,-0.7939999999999998,0.29108017531712316
207,-0.7929999999999998,0.2913112390986687
208,-0.7919999999999998,0.29154219475974724
209,-0.7909999999999998,0.2917730417525454
210,-0.7899999999999998,0.2920037795291415
211,-0.7889999999999998,0.29223440754150826
212,-0.7879999999999998,0.2924649252415146
213,-0.7869999999999998,0.29269533208092796
214,-0.7859999999999998,0.29292562751141626
215,-0.7849999999999998,0.29315581098455007
216,-0.7839999999999998,0.2933858819518048
217,-0.7829999999999998,0.29361583986456263
218,-0.7819999999999998,0.29384568417411483
219,-0.7809999999999998,0.2940754143316638
220,-0.7799999999999998,0.2943050297883252
221,-0.7789999999999998,0.29453452999513
222,-0.7779999999999998,0.2947639144030269
223,-0.7769999999999998,0.2949931824628841
224,-0.7759999999999998,0.29522233362549144
225,-0.7749999999999998,0.29545136734156296
226,-0.7739999999999998,0.2956802830617387
227,-0.7729999999999998,0.2959090802365869
228,-0.7719999999999998,0.296137758316606
229,-0.7709999999999998,0.296366316752227
230,-0.7699999999999998,0.29659475499381577
231,-0.7689999999999998,0.2968230724916747
232,-0.7679999999999998,0.2970512686960452
233,-0.7669999999999998,0.2972793430571097
234,-0.7659999999999998,0.2975072950249941
235,-0.7649999999999998,0.2977351240497695
236,-0.7639999999999998,0.29796282958145465
237,-0.7629999999999998,0.2981904110700179
238,-0.7619999999999998,0.2984178679653798
239,-0.7609999999999998,0.29864519971741454
240,-0.7599999999999998,0.29887240577595287
241,-0.7589999999999998,0.29909948559078364
242,-0.7579999999999998,0.2993264386116565
243,-0.7569999999999998,0.29955326428828366
244,-0.7559999999999998,0.29977996207034235
245,-0.7549999999999998,0.30000653140747685
246,-0.7539999999999998,0.3002329717493006
247,-0.7529999999999998,0.30045928254539855
248,-0.7519999999999998,0.3006854632453293
249,-0.7509999999999998,0.3009115132986272
250,-0.7499999999999998,0.3011374321548045
251,-0.7489999999999998,0.3013632192633538
252,-0.7479999999999998,0.30158887407374985
253,-0.7469999999999998,0.30181439603545224
254,-0.7459999999999998,0.30203978459790687
255,-0.7449999999999998,0.30226503921054904
256,-0.7439999999999998,0.30249015932280476
257,-0.7429999999999998,0.30271514438409364
258,-0.7419999999999998,0.3029399938438307
259,-0.7409999999999998,0.3031647071514286
260,-0.7399999999999998,0.3033892837563002
261,-0.7389999999999998,0.3036137231078601
262,-0.7379999999999998,0.30383802465552756
263,-0.7369999999999998,0.30406218784872824
264,-0.7359999999999998,0.30428621213689644
265,-0.7349999999999998,0.30451009696947756
266,-0.7339999999999998,0.30473384179593016
267,-0.7329999999999998,0.30495744606572806
268,-0.7319999999999998,0.30518090922836283
269,-0.7309999999999998,0.30540423073334566
270,-0.7299999999999998,0.30562741003020993
271,-0.7289999999999998,0.30585044656851323
272,-0.7279999999999998,0.3060733397978395
273,-0.7269999999999998,0.3062960891678015
274,-0.7259999999999998,0.3065186941280427
275,-0.7249999999999998,0.30674115412824005
276,-0.7239999999999998,0.3069634686181055
277,-0.7229999999999998,0.30718563704738877
278,-0.7219999999999998,0.3074076588658794
279,-0.7209999999999998,0.3076295335234088
280,-0.7199999999999998,0.307851260469853
281,-0.7189999999999998,0.30807283915513417
282,-0.7179999999999997,0.30829426902922347
283,-0.7169999999999997,0.3085155495421429
284,-0.7159999999999997,0.30873668014396777
285,-0.7149999999999997,0.3089576602848288
286,-0.7139999999999997,0.3091784894149144
287,-0.7129999999999997,0.30939916698447295
288,-0.7119999999999997,0.309619692443815
289,-0.7109999999999997,0.30984006524331553
290,-0.7099999999999997,0.3100602848334162
291,-0.7089999999999997,0.3102803506646276
292,-0.7079999999999997,0.31050026218753135
293,-0.7069999999999997,0.3107200188527826
294,-0.7059999999999997,0.31093962011111226
295,-0.7049999999999997,0.31115906541332894
296,-0.7039999999999997,0.31137835421032156
297,-0.7029999999999997,0.31159748595306147
298,-0.7019999999999997,0.3118164600926046
299,-0.7009999999999997,0.31203527608009385
300,-0.6999999999999997,0.3122539333667614
301,-0.6989999999999997,0.3124724314039306
302,-0.6979999999999997,0.312690769643019
303,-0.6969999999999997,0.31290894753553955
304,-0.6959999999999997,0.3131269645331039
305,-0.6949999999999997,0.3133448200874239
306,-0.6939999999999997,0.3135625136503144
307,-0.6929999999999997,0.3137800446736949
308,-0.6919999999999997,0.3139974126095926
309,-0.6909999999999997,0.3142146169101439
310,-0.6899999999999997,0.3144316570275974
311,-0.6889999999999997,0.31464853241431545
312,-0.6879999999999997,0.31486524252277687
313,-0.6869999999999997,0.31508178680557924
314,-0.6859999999999997,0.3152981647154409
315,-0.6849999999999997,0.3155143757052034
316,-0.6839999999999997,0.31573041922783385
317,-0.6829999999999997,0.3159462947364269
318,-0.6819999999999997,0.3161620016842073
319,-0.6809999999999997,0.31637753952453207
320,-0.6799999999999997,0.3165929077108929
321,-0.6789999999999997,0.3168081056969181
322,-0.6779999999999997,0.31702313293637524
323,-0.6769999999999997,0.3172379888831732
324,-0.6759999999999997,0.3174526729913647
325,-0.6749999999999997,0.3176671847151483
326,-0.6739999999999997,0.3178815235088707
327,-0.6729999999999997,0.3180956888270294
328,-0.6719999999999997,0.3183096801242743
329,-0.6709999999999997,0.31852349685541087
330,-0.6699999999999997,0.31873713847540164
331,-0.6689999999999997,0.3189506044393689
332,-0.6679999999999997,0.3191638942025968
333,-0.6669999999999997,0.31937700722053397
334,-0.6659999999999997,0.31958994294879534
335,-0.6649999999999997,0.3198027008431647
336,-0.6639999999999997,0.3200152803595971
337,-0.6629999999999997,0.32022768095422083
338,-0.6619999999999997,0.32043990208333994
339,-0.6609999999999997,0.32065194320343643
340,-0.6599999999999997,0.3208638037711726
341,-0.6589999999999997,0.3210754832433933
342,-0.6579999999999997,0.32128698107712833
343,-0.6569999999999997,0.3214982967295945
344,-0.6559999999999997,0.32170942965819826
345,-0.6549999999999997,0.3219203793205377
346,-0.6539999999999997,0.3221311451744048
347,-0.6529999999999997,0.3223417266777882
348,-0.6519999999999997,0.32255212328887506
349,-0.6509999999999997,0.32276233446605335
350,-0.6499999999999997,0.3229723596679144
351,-0.6489999999999997,0.323182198353255
352,-0.6479999999999997,0.32339184998108
353,-0.6469999999999997,0.32360131401060405
354,-0.6459999999999997,0.32381058990125444
355,-0.6449999999999997,0.32401967711267315
356,-0.6439999999999997,0.3242285751047192
357,-0.6429999999999997,0.3244372833374709
358,-0.6419999999999997,0.3246458012712284
359,-0.6409999999999997,0.3248541283665154
360,-0.6399999999999997,0.32506226408408223
361,-0.6389999999999997,0.32527020788490757
362,-0.6379999999999997,0.32547795923020106
363,-0.6369999999999997,0.3256855175814053
364,-0.6359999999999997,0.3258928824001986
365,-0.6349999999999997,0.3261000531484968
366,-0.6339999999999997,0.3263070292884561
367,-0.6329999999999997,0.3265138102824747
368,-0.6319999999999997,0.32672039559319577
369,-0.6309999999999997,0.3269267846835093
370,-0.6299999999999997,0.3271329770165545
371,-0.6289999999999997,0.3273389720557226
372,-0.6279999999999997,0.32754476926465814
373,-0.6269999999999997,0.32775036810726227
374,-0.6259999999999997,0.3279557680476945
375,-0.6249999999999997,0.32816096855037513
376,-0.6239999999999997,0.32836596907998766
377,-0.6229999999999997,0.3285707691014811
378,-0.6219999999999997,0.3287753680800719
379,-0.6209999999999997,0.3289797654812468
380,-0.6199999999999997,0.3291839607707649
381,-0.6189999999999997,0.32938795341465976
382,-0.6179999999999997,0.32959174287924214
383,-0.6169999999999997,0.32979532863110195
384,-0.6159999999999997,0.32999871013711063
385,-0.6149999999999997,0.33020188686442353
386,-0.6139999999999997,0.3304048582804823
387,-0.6129999999999997,0.330607623853017
388,-0.6119999999999997,0.33081018305004845
389,-0.6109999999999997,0.33101253533989067
390,-0.6099999999999997,0.331214680191153
391,-0.6089999999999997,0.3314166170727428
392,-0.6079999999999997,0.3316183454538669
393,-0.6069999999999997,0.3318198648040351
394,-0.6059999999999997,0.3320211745930614
395,-0.6049999999999996,0.332222274291067
396,-0.6039999999999996,0.3324231633684822
397,-0.6029999999999996,0.33262384129604894
398,-0.6019999999999996,0.332824307544823
399,-0.6009999999999996,0.3330245615861765
400,-0.5999999999999996,0.3332246028917997
401,-0.5989999999999996,0.3334244309337041
402,-0.5979999999999996,0.33362404518422384
403,-0.5969999999999996,0.3338234451160188
404,-0.5959999999999996,0.33402263020207634
405,-0.5949999999999996,0.3342215999157141
406,-0.5939999999999996,0.3344203537305816
407,-0.5929999999999996,0.33461889112066345
408,-0.5919999999999996,0.3348172115602809
409,-0.5909999999999996,0.33501531452409444
410,-0.5899999999999996,0.3352131994871062
411,-0.5889999999999996,0.33541086592466207
412,-0.5879999999999996,0.33560831331245405
413,-0.5869999999999996,0.3358055411265226
414,-0.5859999999999996,0.336002548843259
415,-0.5849999999999996,0.33619933593940743
416,-0.5839999999999996,0.3363959018920674
417,-0.5829999999999996,0.33659224617869626
418,-0.5819999999999996,0.33678836827711106
419,-0.5809999999999996,0.3369842676654912
420,-0.5799999999999996,0.33717994382238065
421,-0.5789999999999996,0.33737539622669016
422,-0.5779999999999996,0.3375706243576995
423,-0.5769999999999996,0.3377656276950602
424,-0.5759999999999996,0.3379604057187972
425,-0.5749999999999996,0.3381549579093115
426,-0.5739999999999996,0.33834928374738266
427,-0.5729999999999996,0.33854338271417056
428,-0.5719999999999996,0.3387372542912181
429,-0.5709999999999996,0.33893089796045345
430,-0.5699999999999996,0.3391243132041923
431,-0.5689999999999996,0.3393174995051399
432,-0.5679999999999996,0.3395104563463939
433,-0.5669999999999996,0.339703183211446
434,-0.5659999999999996,0.3398956795841848
435,-0.5649999999999996,0.3400879449488979
436,-0.5639999999999996,0.3402799787902738
437,-0.5629999999999996,0.3404717805934048
438,-0.5619999999999996,0.34066334984378915
439,-0.5609999999999996,0.34085468602733293
440,-0.5599999999999996,0.3410457886303527
441,-0.5589999999999996,0.3412366571395776
442,-0.5579999999999996,0.34142729104215214
443,-0.5569999999999996,0.3416176898256376
444,-0.5559999999999996,0.3418078529780151
445,-0.5549999999999996,0.3419977799876873
446,-0.5539999999999996,0.3421874703434813
447,-0.5529999999999996,0.3423769235346503
448,-0.5519999999999996,0.34256613905087624
449,-0.5509999999999996,0.34275511638227213
450,-0.5499999999999996,0.34294385501938396
451,-0.5489999999999996,0.3431323544531935
452,-0.5479999999999996,0.3433206141751199
453,-0.5469999999999996,0.3435086336770228
454,-0.5459999999999996,0.34369641245120375
455,-0.5449999999999996,0.3438839499904093
456,-0.5439999999999996,0.34407124578783244
457,-0.5429999999999996,0.3442582993371156
458,-0.5419999999999996,0.34444511013235257
459,-0.5409999999999996,0.3446316776680908
460,-0.5399999999999996,0.34481800143933344
461,-0.5389999999999996,0.34500408094154233
462,-0.5379999999999996,0.34518991567063945
463,-0.5369999999999996,0.3453755051230096
464,-0.5359999999999996,0.3455608487955026
465,-0.5349999999999996,0.3457459461854355
466,-0.5339999999999996,0.345930796790595
467,-0.5329999999999996,0.3461154001092395
468,-0.5319999999999996,0.3462997556401015
469,-0.5309999999999996,0.3464838628823898
470,-0.5299999999999996,0.3466677213357917
471,-0.5289999999999996,0.3468513305004755
472,-0.5279999999999996,0.3470346898770924
473,-0.5269999999999996,0.347217798966779
474,-0.5259999999999996,0.3474006572711596
475,-0.5249999999999996,0.34758326429234815
476,-0.5239999999999996,0.3477656195329509
477,-0.5229999999999996,0.34794772249606815
478,-0.5219999999999996,0.34812957268529704
479,-0.5209999999999996,0.3483111696047336
480,-0.5199999999999996,0.3484925127589746
481,-0.5189999999999996,0.34867360165312045
482,-0.5179999999999996,0.348854435792777
483,-0.5169999999999996,0.34903501468405784
484,-0.5159999999999996,0.34921533783358677
485,-0.5149999999999996,0.3493954047484997
486,-0.5139999999999996,0.3495752149364472
487,-0.5129999999999996,0.3497547679055965
488,-0.5119999999999996,0.3499340631646338
489,-0.5109999999999996,0.35011310022276665
490,-0.5099999999999996,0.35029187858972594
491,-0.5089999999999996,0.3504703977757682
492,-0.5079999999999996,0.35064865729167805
493,-0.5069999999999996,0.35082665664877
494,-0.5059999999999996,0.35100439535889116
495,-0.5049999999999996,0.35118187293442304
496,-0.5039999999999996,0.3513590888882841
497,-0.5029999999999996,0.35153604273393163
498,-0.5019999999999996,0.3517127339853644
499,-0.5009999999999996,0.3518891621571244
500,-0.49999999999999956,0.3520653267642996
501,-0.49899999999999956,0.3522412273225255
502,-0.49799999999999955,0.35241686334798794
503,-0.49699999999999955,0.35259223435742504
504,-0.49599999999999955,0.3527673398681294
505,-0.49499999999999955,0.3529421793979504
506,-0.49399999999999955,0.35311675246529617
507,-0.49299999999999955,0.35329105858913634
508,-0.49199999999999955,0.35346509728900344
509,-0.49099999999999955,0.35363886808499595
510,-0.48999999999999955,0.35381237049777975
511,-0.48899999999999955,0.353985604048591
512,-0.48799999999999955,0.3541585682592376
513,-0.48699999999999954,0.3543312626521021
514,-0.48599999999999954,0.3545036867501434
515,-0.48499999999999954,0.35467584007689906
516,-0.48399999999999954,0.3548477221564878
517,-0.48299999999999954,0.3550193325136111
518,-0.48199999999999954,0.35519067067355603
519,-0.48099999999999954,0.3553617361621967
520,-0.47999999999999954,0.3555325285059972
521,-0.47899999999999954,0.35570304723201324
522,-0.47799999999999954,0.35587329186789457
523,-0.47699999999999954,0.3560432619418871
524,-0.47599999999999953,0.35621295698283517
525,-0.47499999999999953,0.35638237652018334
526,-0.47399999999999953,0.35655152008397917
527,-0.47299999999999953,0.3567203872048747
528,-0.47199999999999953,0.3568889774141294
529,-0.47099999999999953,0.35705729024361155
530,-0.46999999999999953,0.3572253252258009
531,-0.46899999999999953,0.3573930818937907
532,-0.4679999999999995,0.35756055978128976
533,-0.4669999999999995,0.35772775842262466
534,-0.4659999999999995,0.3578946773527422
535,-0.4649999999999995,0.3580613161072109
536,-0.4639999999999995,0.3582276742222238
537,-0.4629999999999995,0.3583937512346002
538,-0.4619999999999995,0.358559546681788
539,-0.4609999999999995,0.35872506010186567
540,-0.4599999999999995,0.3588902910335447
541,-0.4589999999999995,0.35905523901617137
542,-0.4579999999999995,0.3592199035897291
543,-0.4569999999999995,0.35938428429484054
544,-0.4559999999999995,0.3595483806727697
545,-0.4549999999999995,0.359712192265424
546,-0.4539999999999995,0.3598757186153567
547,-0.4529999999999995,0.36003895926576857
548,-0.4519999999999995,0.36020191376051025
549,-0.4509999999999995,0.36036458164408447
550,-0.4499999999999995,0.36052696246164806
551,-0.4489999999999995,0.3606890557590139
552,-0.4479999999999995,0.36085086108265335
553,-0.4469999999999995,0.36101237797969815
554,-0.4459999999999995,0.3611736059979426
555,-0.4449999999999995,0.36133454468584564
556,-0.4439999999999995,0.3614951935925329
557,-0.4429999999999995,0.36165555226779894
558,-0.4419999999999995,0.36181562026210934
559,-0.4409999999999995,0.3619753971266026
560,-0.4399999999999995,0.36213488241309233
561,-0.4389999999999995,0.36229407567406946
562,-0.4379999999999995,0.3624529764627043
563,-0.4369999999999995,0.3626115843328485
564,-0.4359999999999995,0.36276989883903704
565,-0.4349999999999995,0.3629279195364908
566,-0.4339999999999995,0.3630856459811181
567,-0.4329999999999995,0.36324307772951697
568,-0.4319999999999995,0.36340021433897735
569,-0.4309999999999995,0.36355705536748295
570,-0.4299999999999995,0.36371360037371353
571,-0.4289999999999995,0.36386984891704677
572,-0.4279999999999995,0.3640258005575605
573,-0.4269999999999995,0.3641814548560346
574,-0.4259999999999995,0.3643368113739532
575,-0.4249999999999995,0.36449186967350655
576,-0.4239999999999995,0.36464662931759345
577,-0.4229999999999995,0.3648010898698228
578,-0.4219999999999995,0.3649552508945161
579,-0.4209999999999995,0.36510911195670903
580,-0.4199999999999995,0.365262672622154
581,-0.4189999999999995,0.36541593245732185
582,-0.4179999999999995,0.365568891029404
583,-0.4169999999999995,0.3657215479063144
584,-0.4159999999999995,0.3658739026566917
585,-0.4149999999999995,0.36602595484990114
586,-0.4139999999999995,0.3661777040560367
587,-0.4129999999999995,0.36632914984592313
588,-0.4119999999999995,0.36648029179111763
589,-0.4109999999999995,0.36663112946391235
590,-0.4099999999999995,0.36678166243733623
591,-0.4089999999999995,0.3669318902851568
592,-0.4079999999999995,0.3670818125818826
593,-0.4069999999999995,0.3672314289027647
594,-0.4059999999999995,0.3673807388237991
595,-0.40499999999999947,0.36752974192172855
596,-0.40399999999999947,0.3676784377740445
597,-0.40299999999999947,0.3678268259589894
598,-0.40199999999999947,0.36797490605555816
599,-0.40099999999999947,0.36812267764350065
600,-0.39999999999999947,0.36827014030332345
601,-0.39899999999999947,0.3684172936162917
602,-0.39799999999999947,0.36856413716443154
603,-0.39699999999999946,0.36871067053053147
604,-0.39599999999999946,0.36885689329814486
605,-0.39499999999999946,0.36900280505159155
606,-0.39399999999999946,0.36914840537596005
607,-0.39299999999999946,0.3692936938571094
608,-0.39199999999999946,0.3694386700816712
609,-0.39099999999999946,0.36958333363705137
610,-0.38999999999999946,0.3697276841114325
611,-0.38899999999999946,0.36987172109377514
612,-0.38799999999999946,0.3700154441738207
613,-0.38699999999999946,0.37015885294209244
614,-0.38599999999999945,0.370301946989898
615,-0.38499999999999945,0.37044472590933114
616,-0.38399999999999945,0.37058718929327367
617,-0.38299999999999945,0.3707293367353975
618,-0.38199999999999945,0.37087116783016644
619,-0.38099999999999945,0.3710126821728381
620,-0.37999999999999945,0.3711538793594661
621,-0.37899999999999945,0.3712947589869015
622,-0.37799999999999945,0.3714353206527952
623,-0.37699999999999945,0.37157556395559965
624,-0.37599999999999945,0.3717154884945705
625,-0.37499999999999944,0.37185509386976906
626,-0.37399999999999944,0.37199437968206367
627,-0.37299999999999944,0.3721333455331321
628,-0.37199999999999944,0.37227199102546304
629,-0.37099999999999944,0.372410315762358
630,-0.36999999999999944,0.37254831934793353
631,-0.36899999999999944,0.3726860013871228
632,-0.36799999999999944,0.3728233614856778
633,-0.36699999999999944,0.37296039925017066
634,-0.36599999999999944,0.3730971142879962
635,-0.36499999999999944,0.3732335062073734
636,-0.36399999999999944,0.37336957461734716
637,-0.36299999999999943,0.37350531912779067
638,-0.36199999999999943,0.3736407393494067
639,-0.36099999999999943,0.37377583489372995
640,-0.35999999999999943,0.3739106053731285
641,-0.35899999999999943,0.3740450504008059
642,-0.35799999999999943,0.3741791695908029
643,-0.35699999999999943,0.37431296255799956
644,-0.35599999999999943,0.37444642891811664
645,-0.3549999999999994,0.37457956828771777
646,-0.3539999999999994,0.3747123802842113
647,-0.3529999999999994,0.37484486452585186
648,-0.3519999999999994,0.37497702063174243
649,-0.3509999999999994,0.37510884822183616
650,-0.3499999999999994,0.37524034691693803
651,-0.3489999999999994,0.37537151633870675
652,-0.3479999999999994,0.3755023561096566
653,-0.3469999999999994,0.3756328658531593
654,-0.3459999999999994,0.37576304519344567
655,-0.3449999999999994,0.37589289375560747
656,-0.3439999999999994,0.3760224111655992
657,-0.3429999999999994,0.37615159705024004
658,-0.3419999999999994,0.3762804510372154
659,-0.3409999999999994,0.3764089727550789
660,-0.3399999999999994,0.37653716183325403
661,-0.3389999999999994,0.37666501790203605
662,-0.3379999999999994,0.3767925405925936
663,-0.3369999999999994,0.37691972953697067
664,-0.3359999999999994,0.3770465843680882
665,-0.3349999999999994,0.3771731047197459
666,-0.3339999999999994,0.3772992902266241
667,-0.3329999999999994,0.3774251405242854
668,-0.3319999999999994,0.37755065524917636
669,-0.3309999999999994,0.3776758340386295
670,-0.3299999999999994,0.3778006765308647
671,-0.3289999999999994,0.37792518236499134
672,-0.3279999999999994,0.37804935118100963
673,-0.3269999999999994,0.3781731826198127
674,-0.3259999999999994,0.3782966763231881
675,-0.3249999999999994,0.37841983193381956
676,-0.3239999999999994,0.3785426490952888
677,-0.3229999999999994,0.3786651274520772
678,-0.3219999999999994,0.3787872666495675
679,-0.3209999999999994,0.3789090663340455
680,-0.3199999999999994,0.3790305261527018
681,-0.3189999999999994,0.37915164575363347
682,-0.3179999999999994,0.3792724247858459
683,-0.3169999999999994,0.37939286289925417
684,-0.3159999999999994,0.379512959744685
685,-0.3149999999999994,0.3796327149738785
686,-0.3139999999999994,0.37975212823948956
687,-0.3129999999999994,0.3798711991950897
688,-0.3119999999999994,0.37998992749516886
689,-0.3109999999999994,0.3801083127951368
690,-0.3099999999999994,0.38022635475132505
691,-0.3089999999999994,0.3803440530209883
692,-0.3079999999999994,0.3804614072623062
693,-0.3069999999999994,0.38057841713438517
694,-0.3059999999999994,0.3806950822972598
695,-0.3049999999999994,0.38081140241189443
696,-0.3039999999999994,0.3809273771401851
697,-0.3029999999999994,0.38104300614496106
698,-0.3019999999999994,0.3811582890899863
699,-0.3009999999999994,0.38127322563996113
700,-0.2999999999999994,0.3813878154605242
701,-0.2989999999999994,0.38150205821825367
702,-0.2979999999999994,0.3816159535806689
703,-0.2969999999999994,0.3817295012162325
704,-0.2959999999999994,0.3818427007943513
705,-0.2949999999999994,0.3819555519853783
706,-0.2939999999999994,0.3820680544606143
707,-0.29299999999999937,0.3821802078923095
708,-0.29199999999999937,0.3822920119536649
709,-0.29099999999999937,0.3824034663188339
710,-0.28999999999999937,0.38251457066292416
711,-0.28899999999999937,0.3826253246619989
712,-0.28799999999999937,0.38273572799307864
713,-0.28699999999999937,0.3828457803341426
714,-0.28599999999999937,0.38295548136413055
715,-0.28499999999999936,0.3830648307629439
716,-0.28399999999999936,0.38317382821144785
717,-0.28299999999999936,0.38328247339147237
718,-0.28199999999999936,0.38339076598581423
719,-0.28099999999999936,0.3834987056782381
720,-0.27999999999999936,0.38360629215347863
721,-0.27899999999999936,0.3837135250972413
722,-0.27799999999999936,0.3838204041962046
723,-0.27699999999999936,0.3839269291380212
724,-0.27599999999999936,0.3840330996113194
725,-0.27499999999999936,0.3841389153057049
726,-0.27399999999999936,0.38424437591176225
727,-0.27299999999999935,0.3843494811210563
728,-0.27199999999999935,0.3844542306261337
729,-0.27099999999999935,0.38455862412052433
730,-0.26999999999999935,0.3846626612987429
731,-0.26899999999999935,0.3847663418562905
732,-0.26799999999999935,0.38486966548965595
733,-0.26699999999999935,0.38497263189631736
734,-0.26599999999999935,0.3850752407747435
735,-0.26499999999999935,0.38517749182439537
736,-0.26399999999999935,0.3852793847457277
737,-0.26299999999999935,0.38538091924019036
738,-0.26199999999999934,0.3854820950102298
739,-0.26099999999999934,0.3855829117592904
740,-0.25999999999999934,0.38568336919181617
741,-0.25899999999999934,0.38578346701325206
742,-0.25799999999999934,0.38588320493004535
743,-0.25699999999999934,0.3859825826496471
744,-0.25599999999999934,0.3860815998805137
745,-0.25499999999999934,0.3861802563321082
746,-0.25399999999999934,0.3862785517149016
747,-0.25299999999999934,0.38637648574037464
748,-0.25199999999999934,0.3864740581210187
749,-0.25099999999999933,0.38657126857033774
750,-0.24999999999999933,0.3866681168028493
751,-0.24899999999999933,0.38676460253408607
752,-0.24799999999999933,0.38686072548059725
753,-0.24699999999999933,0.3869564853599499
754,-0.24599999999999933,0.38705188189073053
755,-0.24499999999999933,0.3871469147925461
756,-0.24399999999999933,0.38724158378602574
757,-0.24299999999999933,0.38733588859282186
758,-0.24199999999999933,0.3874298289356119
759,-0.24099999999999933,0.387523404538099
760,-0.23999999999999932,0.3876166151250142
761,-0.23899999999999932,0.3877094604221172
762,-0.23799999999999932,0.3878019401561978
763,-0.23699999999999932,0.38789405405507743
764,-0.23599999999999932,0.3879858018476103
765,-0.23499999999999932,0.38807718326368473
766,-0.23399999999999932,0.38816819803422487
767,-0.23299999999999932,0.3882588458911913
768,-0.23199999999999932,0.38834912656758297
769,-0.23099999999999932,0.3884390397974381
770,-0.22999999999999932,0.388528585315836
771,-0.22899999999999932,0.38861776285889765
772,-0.22799999999999931,0.38870657216378757
773,-0.2269999999999993,0.38879501296871494
774,-0.2259999999999993,0.38888308501293484
775,-0.2249999999999993,0.38897078803674956
776,-0.2239999999999993,0.38905812178150984
777,-0.2229999999999993,0.3891450859896162
778,-0.2219999999999993,0.38923168040452033
779,-0.2209999999999993,0.389317904770726
780,-0.2199999999999993,0.3894037588337905
781,-0.2189999999999993,0.38948924234032617
782,-0.2179999999999993,0.3895743550380011
783,-0.2169999999999993,0.3896590966755409
784,-0.2159999999999993,0.38974346700272955
785,-0.2149999999999993,0.3898274657704107
786,-0.2139999999999993,0.3899110927304893
787,-0.2129999999999993,0.38999434763593216
788,-0.2119999999999993,0.39007723024076973
789,-0.2109999999999993,0.3901597403000968
790,-0.2099999999999993,0.3902418775700744
791,-0.2089999999999993,0.3903236418079301
792,-0.2079999999999993,0.39040503277196026
793,-0.2069999999999993,0.39048605022153016
794,-0.2059999999999993,0.3905666939170759
795,-0.2049999999999993,0.3906469636201053
796,-0.2039999999999993,0.3907268590931994
797,-0.2029999999999993,0.3908063801000128
798,-0.2019999999999993,0.390885526405276
799,-0.2009999999999993,0.39096429777479563
800,-0.1999999999999993,0.391042693975456
801,-0.1989999999999993,0.3911207147752201
802,-0.1979999999999993,0.39119835994313096
803,-0.1969999999999993,0.39127562924931253
804,-0.19599999999999929,0.39135252246497104
805,-0.19499999999999929,0.391429039362396
806,-0.19399999999999928,0.3915051797149612
807,-0.19299999999999928,0.39158094329712617
808,-0.19199999999999928,0.3916563298844371
809,-0.19099999999999928,0.3917313392535279
810,-0.18999999999999928,0.3918059711821212
811,-0.18899999999999928,0.3918802254490298
812,-0.18799999999999928,0.3919541018341574
813,-0.18699999999999928,0.3920276001185002
814,-0.18599999999999928,0.39210072008414715
815,-0.18499999999999928,0.39217346151428184
816,-0.18399999999999928,0.39224582419318305
817,-0.18299999999999927,0.39231780790622617
818,-0.18199999999999927,0.392389412439884
819,-0.18099999999999927,0.39246063758172794
820,-0.17999999999999927,0.39253148312042896
821,-0.17899999999999927,0.3926019488457587
822,-0.17799999999999927,0.3926720345485906
823,-0.17699999999999927,0.3927417400209006
824,-0.17599999999999927,0.3928110650557687
825,-0.17499999999999927,0.39288000944737933
826,-0.17399999999999927,0.39294857299102315
827,-0.17299999999999927,0.3930167554830972
828,-0.17199999999999926,0.3930845567211067
829,-0.17099999999999926,0.3931519765036655
830,-0.16999999999999926,0.39321901463049724
831,-0.16899999999999926,0.3932856709024366
832,-0.16799999999999926,0.39335194512142985
833,-0.16699999999999926,0.39341783709053596
834,-0.16599999999999926,0.3934833466139281
835,-0.16499999999999926,0.3935484734968936
836,-0.16399999999999926,0.39361321754583584
837,-0.16299999999999926,0.3936775785682748
838,-0.16199999999999926,0.39374155637284797
839,-0.16099999999999925,0.3938051507693115
840,-0.15999999999999925,0.3938683615685409
841,-0.15899999999999925,0.3939311885825323
842,-0.15799999999999925,0.39399363162440293
843,-0.15699999999999925,0.3940556905083926
844,-0.15599999999999925,0.3941173650498641
845,-0.15499999999999925,0.3941786550653046
846,-0.15399999999999925,0.394239560372326
847,-0.15299999999999925,0.3943000807896664
848,-0.15199999999999925,0.3943602161371905
849,-0.15099999999999925,0.394419966235891
850,-0.14999999999999925,0.394479330907889
851,-0.14899999999999924,0.3945383099764352
852,-0.14799999999999924,0.3945969032659108
853,-0.14699999999999924,0.394655110601828
854,-0.14599999999999924,0.39471293181083134
855,-0.14499999999999924,0.3947703667206982
856,-0.14399999999999924,0.3948274151603398
857,-0.14299999999999924,0.3948840769598022
858,-0.14199999999999924,0.3949403519502668
859,-0.14099999999999924,0.39499623996405153
860,-0.13999999999999924,0.3950517408346113
861,-0.13899999999999924,0.3951068543965393
862,-0.13799999999999923,0.39516158048556743
863,-0.13699999999999923,0.3952159189385672
864,-0.13599999999999923,0.39526986959355076
865,-0.13499999999999923,0.3953234322896714
866,-0.13399999999999923,0.39537660686722453
867,-0.13299999999999923,0.39542939316764847
868,-0.13199999999999923,0.39548179103352515
869,-0.13099999999999923,0.39553380030858093
870,-0.12999999999999923,0.39558542083768744
871,-0.12899999999999923,0.3956366524668623
872,-0.12799999999999923,0.3956874950432699
873,-0.12699999999999922,0.39573794841522203
874,-0.12599999999999922,0.39578801243217887
875,-0.12499999999999922,0.3958376869447496
876,-0.12399999999999922,0.39588697180469307
877,-0.12299999999999922,0.3959358668649187
878,-0.12199999999999922,0.3959843719794873
879,-0.12099999999999922,0.3960324870036113
880,-0.11999999999999922,0.3960802117936561
881,-0.11899999999999922,0.39612754620714036
882,-0.11799999999999922,0.3961744901027368
883,-0.11699999999999922,0.396221043340273
884,-0.11599999999999921,0.3962672057807321
885,-0.11499999999999921,0.39631297728625337
886,-0.11399999999999921,0.3963583577201329
887,-0.11299999999999921,0.39640334694682444
888,-0.11199999999999921,0.3964479448319399
889,-0.11099999999999921,0.3964921512422503
890,-0.10999999999999921,0.39653596604568586
891,-0.10899999999999921,0.39657938911133733
892,-0.10799999999999921,0.39662242030945616
893,-0.1069999999999992,0.3966650595114555
894,-0.1059999999999992,0.39670730658991044
895,-0.1049999999999992,0.3967491614185591
896,-0.1039999999999992,0.3967906238723028
897,-0.1029999999999992,0.39683169382720707
898,-0.1019999999999992,0.39687237116050206
899,-0.1009999999999992,0.3969126557505832
900,-0.0999999999999992,0.39695254747701186
901,-0.0989999999999992,0.3969920462205157
902,-0.0979999999999992,0.3970311518629897
903,-0.0969999999999992,0.3970698642874964
904,-0.0959999999999992,0.3971081833782665
905,-0.0949999999999992,0.39714610902069974
906,-0.0939999999999992,0.39718364110136506
907,-0.0929999999999992,0.3972207795080015
908,-0.0919999999999992,0.39725752412951854
909,-0.09099999999999919,0.39729387485599676
910,-0.08999999999999919,0.3973298315786884
911,-0.08899999999999919,0.3973653941900178
912,-0.08799999999999919,0.3974005625835821
913,-0.08699999999999919,0.39743533665415154
914,-0.08599999999999919,0.39746971629767025
915,-0.08499999999999919,0.3975037014112566
916,-0.08399999999999919,0.39753729189320375
917,-0.08299999999999919,0.3975704876429801
918,-0.08199999999999918,0.3976032885612299
919,-0.08099999999999918,0.39763569454977377
920,-0.07999999999999918,0.3976677055116089
921,-0.07899999999999918,0.3976993213509101
922,-0.07799999999999918,0.3977305419730295
923,-0.07699999999999918,0.3977613672844978
924,-0.07599999999999918,0.3977917971930242
925,-0.07499999999999918,0.3978218316074972
926,-0.07399999999999918,0.39785147043798463
927,-0.07299999999999918,0.39788071359573474
928,-0.07199999999999918,0.3979095609931759
929,-0.07099999999999917,0.3979380125439178
930,-0.06999999999999917,0.3979660681627511
931,-0.06899999999999917,0.39799372776564845
932,-0.06799999999999917,0.39802099126976476
933,-0.06699999999999917,0.39804785859343744
934,-0.06599999999999917,0.39807432965618694
935,-0.06499999999999917,0.3981004043787173
936,-0.06399999999999917,0.3981260826829161
937,-0.06299999999999917,0.39815136449185545
938,-0.06199999999999917,0.39817624972979176
939,-0.060999999999999166,0.3982007383221667
940,-0.059999999999999165,0.39822483019560695
941,-0.058999999999999164,0.39824852527792526
942,-0.05799999999999916,0.39827182349812035
943,-0.05699999999999916,0.39829472478637723
944,-0.05599999999999916,0.39831722907406775
945,-0.05499999999999916,0.39833933629375107
946,-0.05399999999999916,0.3983610463791735
947,-0.05299999999999916,0.39838235926526944
948,-0.05199999999999916,0.3984032748881612
949,-0.05099999999999916,0.3984237931851595
950,-0.049999999999999156,0.39844391409476404
951,-0.048999999999999155,0.3984636375566634
952,-0.047999999999999154,0.3984829635117355
953,-0.046999999999999154,0.39850189190204804
954,-0.04599999999999915,0.3985204226708585
955,-0.04499999999999915,0.3985385557626147
956,-0.04399999999999915,0.39855629112295504
957,-0.04299999999999915,0.39857362869870844
958,-0.04199999999999915,0.39859056843789503
959,-0.04099999999999915,0.39860711028972623
960,-0.03999999999999915,0.39862325420460504
961,-0.038999999999999146,0.3986390001341262
962,-0.037999999999999146,0.39865434803107647
963,-0.036999999999999145,0.39866929784943494
964,-0.035999999999999144,0.3986838495443733
965,-0.03499999999999914,0.3986980030722557
966,-0.03399999999999914,0.3987117583906396
967,-0.03299999999999914,0.3987251154582753
968,-0.03199999999999914,0.39873807423510677
969,-0.03099999999999914,0.3987506346822711
970,-0.02999999999999914,0.39876279676209975
971,-0.028999999999999138,0.3987745604381176
972,-0.027999999999999137,0.3987859256750439
973,-0.026999999999999136,0.3987968924387923
974,-0.025999999999999135,0.3988074606964707
975,-0.024999999999999134,0.39881763041638185
976,-0.023999999999999133,0.39882740156802315
977,-0.022999999999999132,0.3988367741220871
978,-0.02199999999999913,0.39884574805046114
979,-0.02099999999999913,0.3988543233262281
980,-0.01999999999999913,0.3988624999236661
981,-0.01899999999999913,0.39887027781824885
982,-0.017999999999999128,0.3988776569866456
983,-0.016999999999999127,0.39888463740672137
984,-0.015999999999999126,0.39889121905753705
985,-0.014999999999999125,0.3988974019193495
986,-0.013999999999999124,0.39890318597361163
987,-0.012999999999999123,0.3989085712029725
988,-0.011999999999999122,0.3989135575912774
989,-0.010999999999999122,0.39891814512356794
990,-0.00999999999999912,0.39892233378608216
991,-0.00899999999999912,0.3989261235662546
992,-0.007999999999999119,0.3989295144527161
993,-0.006999999999999118,0.3989325064352945
994,-0.005999999999999117,0.39893509950501377
995,-0.004999999999999116,0.3989372936540949
996,-0.003999999999999115,0.39893908887595564
997,-0.0029999999999991145,0.3989404851652102
998,-0.0019999999999991136,0.3989414825176698
999,-0.0009999999999991127,0.3989420809303424
1000,8.881784197001252e-16,0.3989422804014327
1001,0.001000000000000778,0.3989420809303424
1002,0.00200000000000089,0.3989414825176698
1003,0.003000000000001002,0.3989404851652102
1004,0.004000000000000892,0.39893908887595564
1005,0.005000000000000782,0.3989372936540949
1006,0.0060000000000008935,0.39893509950501377
1007,0.007000000000001005,0.39893250643529443
1008,0.008000000000000895,0.3989295144527161
1009,0.009000000000000785,0.39892612356625456
1010,0.010000000000000897,0.39892233378608216
1011,0.011000000000001009,0.39891814512356794
1012,0.012000000000000899,0.3989135575912774
1013,0.013000000000000789,0.3989085712029725
1014,0.0140000000000009,0.39890318597361163
1015,0.015000000000001013,0.3988974019193495
1016,0.016000000000000902,0.39889121905753705
1017,0.017000000000000792,0.39888463740672137
1018,0.018000000000000904,0.3988776569866456
1019,0.019000000000001016,0.39887027781824885
1020,0.020000000000000906,0.3988624999236661
1021,0.021000000000000796,0.3988543233262281
1022,0.022000000000000908,0.39884574805046114
1023,0.02300000000000102,0.3988367741220871
1024,0.02400000000000091,0.39882740156802315
1025,0.0250000000000008,0.39881763041638185
1026,0.02600000000000091,0.3988074606964707
1027,0.027000000000001023,0.39879689243879224
1028,0.028000000000000913,0.3987859256750439
1029,0.029000000000000803,0.39877456043811754
1030,0.030000000000000915,0.3987627967620997
1031,0.031000000000001027,0.39875063468227107
1032,0.03200000000000092,0.3987380742351067
1033,0.033000000000000806,0.3987251154582753
1034,0.03400000000000092,0.3987117583906396
1035,0.03500000000000103,0.3986980030722557
1036,0.03600000000000092,0.39868384954437325
1037,0.03700000000000081,0.39866929784943494
1038,0.03800000000000092,0.39865434803107647
1039,0.039000000000001034,0.3986390001341262
1040,0.040000000000000924,0.39862325420460504
1041,0.041000000000000814,0.39860711028972623
1042,0.042000000000000925,0.398590568437895
1043,0.04300000000000104,0.3985736286987084
1044,0.04400000000000093,0.398556291122955
1045,0.04500000000000082,0.3985385557626147
1046,0.04600000000000093,0.39852042267085847
1047,0.04700000000000104,0.398501891902048
1048,0.04800000000000093,0.3984829635117355
1049,0.04900000000000082,0.39846363755666336
1050,0.05000000000000093,0.39844391409476404
1051,0.051000000000001044,0.39842379318515947
1052,0.052000000000000934,0.39840327488816113
1053,0.053000000000000824,0.39838235926526944
1054,0.054000000000000936,0.39836104637917347
1055,0.05500000000000105,0.398339336293751
1056,0.05600000000000094,0.39831722907406775
1057,0.05700000000000083,0.3982947247863772
1058,0.05800000000000094,0.39827182349812035
1059,0.05900000000000105,0.39824852527792526
1060,0.06000000000000094,0.3982248301956069
1061,0.06100000000000083,0.3982007383221666
1062,0.06200000000000094,0.3981762497297917
1063,0.06300000000000106,0.3981513644918554
1064,0.06400000000000095,0.39812608268291605
1065,0.06500000000000083,0.39810040437871724
1066,0.06600000000000095,0.3980743296561869
1067,0.06700000000000106,0.39804785859343733
1068,0.06800000000000095,0.3980209912697647
1069,0.06900000000000084,0.3979937277656484
1070,0.07000000000000095,0.39796606816275104
1071,0.07100000000000106,0.3979380125439177
1072,0.07200000000000095,0.39790956099317587
1073,0.07300000000000084,0.3978807135957347
1074,0.07400000000000095,0.3978514704379846
1075,0.07500000000000107,0.3978218316074971
1076,0.07600000000000096,0.39779179719302415
1077,0.07700000000000085,0.39776136728449774
1078,0.07800000000000096,0.39773054197302943
1079,0.07900000000000107,0.39769932135091
1080,0.08000000000000096,0.3976677055116089
1081,0.08100000000000085,0.3976356945497737
1082,0.08200000000000096,0.39760328856122984
1083,0.08300000000000107,0.39757048764298003
1084,0.08400000000000096,0.3975372918932037
1085,0.08500000000000085,0.39750370141125657
1086,0.08600000000000096,0.3974697162976702
1087,0.08700000000000108,0.3974353366541515
1088,0.08800000000000097,0.39740056258358203
1089,0.08900000000000086,0.39736539419001776
1090,0.09000000000000097,0.3973298315786883
1091,0.09100000000000108,0.3972938748559967
1092,0.09200000000000097,0.3972575241295184
1093,0.09300000000000086,0.39722077950800144
1094,0.09400000000000097,0.397183641101365
1095,0.09500000000000108,0.39714610902069963
1096,0.09600000000000097,0.3971081833782664
1097,0.09700000000000086,0.3970698642874963
1098,0.09800000000000098,0.3970311518629896
1099,0.09900000000000109,0.39699204622051565
1100,0.10000000000000098,0.39695254747701175
1101,0.10100000000000087,0.39691265575058315
1102,0.10200000000000098,0.396872371160502
1103,0.10300000000000109,0.396831693827207
1104,0.10400000000000098,0.3967906238723027
1105,0.10500000000000087,0.396749161418559
1106,0.10600000000000098,0.3967073065899104
1107,0.1070000000000011,0.3966650595114554
1108,0.10800000000000098,0.3966224203094561
1109,0.10900000000000087,0.3965793891113372
1110,0.11000000000000099,0.39653596604568575
1111,0.1110000000000011,0.3964921512422502
1112,0.11200000000000099,0.39644794483193985
1113,0.11300000000000088,0.39640334694682433
1114,0.11400000000000099,0.3963583577201328
1115,0.1150000000000011,0.39631297728625325
1116,0.11600000000000099,0.396267205780732
1117,0.11700000000000088,0.3962210433402729
1118,0.11800000000000099,0.3961744901027367
1119,0.1190000000000011,0.39612754620714025
1120,0.120000000000001,0.3960802117936561
1121,0.12100000000000088,0.39603248700361127
1122,0.122000000000001,0.3959843719794872
1123,0.12300000000000111,0.39593586686491866
1124,0.124000000000001,0.395886971804693
1125,0.1250000000000009,0.39583768694474947
1126,0.126000000000001,0.39578801243217876
1127,0.1270000000000011,0.3957379484152219
1128,0.128000000000001,0.3956874950432698
1129,0.1290000000000009,0.39563665246686225
1130,0.130000000000001,0.3955854208376874
1131,0.13100000000000112,0.3955338003085808
1132,0.132000000000001,0.39548179103352504
1133,0.1330000000000009,0.39542939316764836
1134,0.134000000000001,0.3953766068672245
1135,0.13500000000000112,0.3953234322896713
1136,0.136000000000001,0.39526986959355065
1137,0.1370000000000009,0.3952159189385671
1138,0.138000000000001,0.3951615804855673
1139,0.13900000000000112,0.3951068543965392
1140,0.140000000000001,0.3950517408346112
1141,0.1410000000000009,0.3949962399640514
1142,0.14200000000000101,0.3949403519502667
1143,0.14300000000000113,0.3948840769598021
1144,0.14400000000000102,0.3948274151603397
1145,0.1450000000000009,0.39477036672069804
1146,0.14600000000000102,0.3947129318108312
1147,0.14700000000000113,0.3946551106018279
1148,0.14800000000000102,0.39459690326591074
1149,0.1490000000000009,0.39453830997643513
1150,0.15000000000000102,0.3944793309078889
1151,0.15100000000000113,0.3944199662358908
1152,0.15200000000000102,0.39436021613719036
1153,0.1530000000000009,0.3943000807896662
1154,0.15400000000000102,0.39423956037232594
1155,0.15500000000000114,0.3941786550653045
1156,0.15600000000000103,0.39411736504986405
1157,0.15700000000000092,0.3940556905083925
1158,0.15800000000000103,0.3939936316244028
1159,0.15900000000000114,0.3939311885825321
1160,0.16000000000000103,0.3938683615685408
1161,0.16100000000000092,0.3938051507693114
1162,0.16200000000000103,0.39374155637284786
1163,0.16300000000000114,0.3936775785682747
1164,0.16400000000000103,0.3936132175458357
1165,0.16500000000000092,0.3935484734968934
1166,0.16600000000000104,0.3934833466139279
1167,0.16700000000000115,0.3934178370905359
1168,0.16800000000000104,0.3933519451214297
1169,0.16900000000000093,0.3932856709024365
1170,0.17000000000000104,0.3932190146304972
1171,0.17100000000000115,0.39315197650366535
1172,0.17200000000000104,0.3930845567211066
1173,0.17300000000000093,0.3930167554830971
1174,0.17400000000000104,0.392948572991023
1175,0.17500000000000115,0.3928800094473792
1176,0.17600000000000104,0.3928110650557685
1177,0.17700000000000093,0.3927417400209005
1178,0.17800000000000105,0.39267203454859045
1179,0.17900000000000116,0.3926019488457586
1180,0.18000000000000105,0.39253148312042885
1181,0.18100000000000094,0.39246063758172783
1182,0.18200000000000105,0.3923894124398839
1183,0.18300000000000116,0.39231780790622606
1184,0.18400000000000105,0.3922458241931829
1185,0.18500000000000094,0.3921734615142817
1186,0.18600000000000105,0.39210072008414704
1187,0.18700000000000117,0.3920276001185001
1188,0.18800000000000106,0.3919541018341573
1189,0.18900000000000095,0.3918802254490296
1190,0.19000000000000106,0.391805971182121
1191,0.19100000000000117,0.39173133925352777
1192,0.19200000000000106,0.391656329884437
1193,0.19300000000000095,0.39158094329712606
1194,0.19400000000000106,0.391505179714961
1195,0.19500000000000117,0.3914290393623958
1196,0.19600000000000106,0.3913525224649709
1197,0.19700000000000095,0.3912756292493124
1198,0.19800000000000106,0.3911983599431308
1199,0.19900000000000118,0.3911207147752199
1200,0.20000000000000107,0.3910426939754559
1201,0.20100000000000096,0.3909642977747955
1202,0.20200000000000107,0.39088552640527585
1203,0.20300000000000118,0.3908063801000127
1204,0.20400000000000107,0.39072685909319915
1205,0.20500000000000096,0.3906469636201052
1206,0.20600000000000107,0.39056669391707577
1207,0.20700000000000118,0.39048605022153
1208,0.20800000000000107,0.3904050327719601
1209,0.20900000000000096,0.39032364180793
1210,0.21000000000000107,0.3902418775700742
1211,0.2110000000000012,0.3901597403000967
1212,0.21200000000000108,0.39007723024076957
1213,0.21300000000000097,0.38999434763593205
1214,0.21400000000000108,0.3899110927304892
1215,0.2150000000000012,0.38982746577041055
1216,0.21600000000000108,0.3897434670027293
1217,0.21700000000000097,0.3896590966755408
1218,0.21800000000000108,0.389574355038001
1219,0.2190000000000012,0.389489242340326
1220,0.22000000000000108,0.38940375883379036
1221,0.22100000000000097,0.3893179047707258
1222,0.22200000000000109,0.38923168040452016
1223,0.2230000000000012,0.3891450859896161
1224,0.2240000000000011,0.38905812178150967
1225,0.22500000000000098,0.38897078803674934
1226,0.2260000000000011,0.38888308501293467
1227,0.2270000000000012,0.38879501296871477
1228,0.2280000000000011,0.3887065721637874
1229,0.22900000000000098,0.38861776285889743
1230,0.2300000000000011,0.3885285853158358
1231,0.2310000000000012,0.388439039797438
1232,0.2320000000000011,0.38834912656758275
1233,0.23300000000000098,0.38825884589119114
1234,0.2340000000000011,0.3881681980342247
1235,0.2350000000000012,0.3880771832636846
1236,0.2360000000000011,0.38798580184761006
1237,0.237000000000001,0.3878940540550772
1238,0.2380000000000011,0.3878019401561976
1239,0.2390000000000012,0.387709460422117
1240,0.2400000000000011,0.38761661512501405
1241,0.241000000000001,0.38752340453809886
1242,0.2420000000000011,0.3874298289356117
1243,0.24300000000000122,0.3873358885928217
1244,0.2440000000000011,0.3872415837860256
1245,0.245000000000001,0.387146914792546
1246,0.2460000000000011,0.38705188189073036
1247,0.24700000000000122,0.38695648535994975
1248,0.2480000000000011,0.3868607254805971
1249,0.249000000000001,0.3867646025340859
1250,0.2500000000000011,0.3866681168028491
1251,0.2510000000000012,0.3865712685703376
1252,0.2520000000000011,0.3864740581210186
1253,0.253000000000001,0.3863764857403745
1254,0.2540000000000011,0.38627855171490144
1255,0.2550000000000012,0.386180256332108
1256,0.2560000000000011,0.38608159988051355
1257,0.257000000000001,0.3859825826496469
1258,0.2580000000000011,0.3858832049300452
1259,0.25900000000000123,0.3857834670132519
1260,0.2600000000000011,0.385683369191816
1261,0.261000000000001,0.3855829117592902
1262,0.2620000000000011,0.38548209501022956
1263,0.26300000000000123,0.3853809192401902
1264,0.2640000000000011,0.38527938474572754
1265,0.265000000000001,0.3851774918243952
1266,0.2660000000000011,0.3850752407747433
1267,0.26700000000000124,0.38497263189631714
1268,0.2680000000000011,0.38486966548965573
1269,0.269000000000001,0.38476634185629033
1270,0.27000000000000113,0.3846626612987427
1271,0.27100000000000124,0.3845586241205241
1272,0.27200000000000113,0.3844542306261335
1273,0.273000000000001,0.38434948112105616
1274,0.27400000000000113,0.3842443759117621
1275,0.27500000000000124,0.38413891530570465
1276,0.27600000000000113,0.38403309961131915
1277,0.277000000000001,0.383926929138021
1278,0.27800000000000114,0.38382040419620445
1279,0.27900000000000125,0.3837135250972411
1280,0.28000000000000114,0.3836062921534784
1281,0.281000000000001,0.38349870567823796
1282,0.28200000000000114,0.383390765985814
1283,0.28300000000000125,0.38328247339147214
1284,0.28400000000000114,0.38317382821144763
1285,0.28500000000000103,0.38306483076294373
1286,0.28600000000000114,0.3829554813641303
1287,0.28700000000000125,0.3828457803341424
1288,0.28800000000000114,0.3827357279930784
1289,0.28900000000000103,0.3826253246619987
1290,0.29000000000000115,0.38251457066292394
1291,0.29100000000000126,0.38240346631883365
1292,0.29200000000000115,0.3822920119536647
1293,0.29300000000000104,0.38218020789230933
1294,0.29400000000000115,0.38206805446061415
1295,0.29500000000000126,0.38195555198537806
1296,0.29600000000000115,0.38184270079435106
1297,0.29700000000000104,0.3817295012162323
1298,0.29800000000000115,0.38161595358066874
1299,0.29900000000000126,0.38150205821825345
1300,0.30000000000000115,0.381387815460524
1301,0.30100000000000104,0.38127322563996097
1302,0.30200000000000116,0.38115828908998606
1303,0.30300000000000127,0.3810430061449609
1304,0.30400000000000116,0.38092737714018493
1305,0.30500000000000105,0.38081140241189426
1306,0.30600000000000116,0.38069508229725957
1307,0.30700000000000127,0.380578417134385
1308,0.30800000000000116,0.380461407262306
1309,0.30900000000000105,0.38034405302098806
1310,0.31000000000000116,0.3802263547513248
1311,0.3110000000000013,0.38010831279513657
1312,0.31200000000000117,0.37998992749516863
1313,0.31300000000000106,0.3798711991950895
1314,0.31400000000000117,0.37975212823948934
1315,0.3150000000000013,0.3796327149738783
1316,0.31600000000000117,0.37951295974468485
1317,0.31700000000000106,0.37939286289925395
1318,0.31800000000000117,0.3792724247858457
1319,0.3190000000000013,0.37915164575363325
1320,0.3200000000000012,0.37903052615270155
1321,0.32100000000000106,0.37890906633404525
1322,0.3220000000000012,0.3787872666495673
1323,0.3230000000000013,0.378665127452077
1324,0.3240000000000012,0.3785426490952886
1325,0.32500000000000107,0.37841983193381934
1326,0.3260000000000012,0.37829667632318786
1327,0.3270000000000013,0.3781731826198124
1328,0.3280000000000012,0.3780493511810094
1329,0.32900000000000107,0.3779251823649911
1330,0.3300000000000012,0.37780067653086447
1331,0.3310000000000013,0.3776758340386292
1332,0.3320000000000012,0.37755065524917614
1333,0.3330000000000011,0.37742514052428516
1334,0.3340000000000012,0.3772992902266239
1335,0.3350000000000013,0.3771731047197457
1336,0.3360000000000012,0.37704658436808797
1337,0.3370000000000011,0.37691972953697045
1338,0.3380000000000012,0.3767925405925934
1339,0.3390000000000013,0.37666501790203577
1340,0.3400000000000012,0.3765371618332538
1341,0.3410000000000011,0.3764089727550787
1342,0.3420000000000012,0.37628045103721514
1343,0.3430000000000013,0.37615159705023976
1344,0.3440000000000012,0.376022411165599
1345,0.3450000000000011,0.37589289375560725
1346,0.3460000000000012,0.37576304519344544
1347,0.3470000000000013,0.3756328658531591
1348,0.3480000000000012,0.3755023561096564
1349,0.3490000000000011,0.3753715163387065
1350,0.3500000000000012,0.37524034691693775
1351,0.3510000000000013,0.37510884822183593
1352,0.3520000000000012,0.3749770206317422
1353,0.3530000000000011,0.37484486452585164
1354,0.3540000000000012,0.37471238028421106
1355,0.3550000000000013,0.3745795682877175
1356,0.3560000000000012,0.3744464289181164
1357,0.3570000000000011,0.37431296255799934
1358,0.3580000000000012,0.37417916959080266
1359,0.3590000000000013,0.37404505040080566
1360,0.3600000000000012,0.37391060537312826
1361,0.3610000000000011,0.37377583489372973
1362,0.3620000000000012,0.37364073934940645
1363,0.3630000000000013,0.3735053191277904
1364,0.3640000000000012,0.3733695746173469
1365,0.3650000000000011,0.37323350620737317
1366,0.3660000000000012,0.37309711428799597
1367,0.3670000000000013,0.37296039925017044
1368,0.3680000000000012,0.3728233614856775
1369,0.3690000000000011,0.3726860013871226
1370,0.3700000000000012,0.37254831934793325
1371,0.37100000000000133,0.3724103157623577
1372,0.3720000000000012,0.37227199102546277
1373,0.3730000000000011,0.3721333455331319
1374,0.3740000000000012,0.37199437968206345
1375,0.37500000000000133,0.3718550938697688
1376,0.3760000000000012,0.37171548849457026
1377,0.3770000000000011,0.37157556395559943
1378,0.3780000000000012,0.371435320652795
1379,0.37900000000000134,0.3712947589869013
1380,0.3800000000000012,0.37115387935946587
1381,0.3810000000000011,0.3710126821728379
1382,0.3820000000000012,0.37087116783016616
1383,0.38300000000000134,0.37072933673539726
1384,0.38400000000000123,0.3705871892932734
1385,0.3850000000000011,0.37044472590933086
1386,0.38600000000000123,0.3703019469898977
1387,0.38700000000000134,0.37015885294209216
1388,0.38800000000000123,0.37001544417382043
1389,0.3890000000000011,0.3698717210937749
1390,0.39000000000000123,0.3697276841114322
1391,0.39100000000000135,0.3695833336370511
1392,0.39200000000000124,0.369438670081671
1393,0.3930000000000011,0.3692936938571092
1394,0.39400000000000124,0.3691484053759598
1395,0.39500000000000135,0.3690028050515913
1396,0.39600000000000124,0.3688568932981446
1397,0.39700000000000113,0.3687106705305312
1398,0.39800000000000124,0.36856413716443126
1399,0.39900000000000135,0.36841729361629144
1400,0.40000000000000124,0.36827014030332317
1401,0.40100000000000113,0.36812267764350043
1402,0.40200000000000125,0.3679749060555579
1403,0.40300000000000136,0.36782682595898913
1404,0.40400000000000125,0.3676784377740443
1405,0.40500000000000114,0.36752974192172827
1406,0.40600000000000125,0.36738073882379885
1407,0.40700000000000136,0.36723142890276445
1408,0.40800000000000125,0.3670818125818824
1409,0.40900000000000114,0.3669318902851566
1410,0.41000000000000125,0.36678166243733595
1411,0.41100000000000136,0.366631129463912
1412,0.41200000000000125,0.3664802917911173
1413,0.41300000000000114,0.36632914984592285
1414,0.41400000000000126,0.36617770405603645
1415,0.41500000000000137,0.3660259548499009
1416,0.41600000000000126,0.36587390265669145
1417,0.41700000000000115,0.3657215479063141
1418,0.41800000000000126,0.3655688910294037
1419,0.41900000000000137,0.36541593245732157
1420,0.42000000000000126,0.3652626726221537
1421,0.42100000000000115,0.36510911195670875
1422,0.42200000000000126,0.36495525089451575
1423,0.4230000000000014,0.3648010898698225
1424,0.42400000000000126,0.3646466293175932
1425,0.42500000000000115,0.36449186967350633
1426,0.42600000000000127,0.36433681137395285
1427,0.4270000000000014,0.3641814548560343
1428,0.42800000000000127,0.36402580055756023
1429,0.42900000000000116,0.36386984891704655
1430,0.43000000000000127,0.36371360037371325
1431,0.4310000000000014,0.3635570553674826
1432,0.43200000000000127,0.36340021433897707
1433,0.43300000000000116,0.3632430777295167
1434,0.4340000000000013,0.3630856459811178
1435,0.4350000000000014,0.36292791953649056
1436,0.4360000000000013,0.3627698988390368
1437,0.43700000000000117,0.36261158433284824
1438,0.4380000000000013,0.362452976462704
1439,0.4390000000000014,0.3622940756740692
1440,0.4400000000000013,0.362134882413092
1441,0.44100000000000117,0.3619753971266023
1442,0.4420000000000013,0.3618156202621091
1443,0.4430000000000014,0.3616555522677987
1444,0.4440000000000013,0.36149519359253257
1445,0.4450000000000012,0.36133454468584536
1446,0.4460000000000013,0.36117360599794235
1447,0.4470000000000014,0.3610123779796979
1448,0.4480000000000013,0.3608508610826531
1449,0.4490000000000012,0.36068905575901367
1450,0.4500000000000013,0.3605269624616477
1451,0.4510000000000014,0.3603645816440842
1452,0.4520000000000013,0.36020191376051
1453,0.4530000000000012,0.3600389592657683
1454,0.4540000000000013,0.35987571861535644
1455,0.4550000000000014,0.3597121922654238
1456,0.4560000000000013,0.3595483806727694
1457,0.4570000000000012,0.3593842842948402
1458,0.4580000000000013,0.3592199035897288
1459,0.4590000000000014,0.35905523901617103
1460,0.4600000000000013,0.3588902910335444
1461,0.4610000000000012,0.35872506010186545
1462,0.4620000000000013,0.3585595466817877
1463,0.4630000000000014,0.3583937512345999
1464,0.4640000000000013,0.3582276742222235
1465,0.4650000000000012,0.35806131610721065
1466,0.4660000000000013,0.3578946773527419
1467,0.4670000000000014,0.3577277584226244
1468,0.4680000000000013,0.3575605597812894
1469,0.4690000000000012,0.3573930818937904
1470,0.4700000000000013,0.35722532522580064
1471,0.4710000000000014,0.35705729024361127
1472,0.4720000000000013,0.3568889774141291
1473,0.4730000000000012,0.3567203872048745
1474,0.4740000000000013,0.35655152008397883
1475,0.4750000000000014,0.35638237652018306
1476,0.4760000000000013,0.35621295698283484
1477,0.4770000000000012,0.3560432619418869
1478,0.4780000000000013,0.3558732918678943
1479,0.4790000000000014,0.3557030472320129
1480,0.4800000000000013,0.35553252850599687
1481,0.4810000000000012,0.35536173616219646
1482,0.4820000000000013,0.3551906706735557
1483,0.48300000000000143,0.35501933251361084
1484,0.4840000000000013,0.3548477221564875
1485,0.4850000000000012,0.3546758400768988
1486,0.4860000000000013,0.35450368675014304
1487,0.48700000000000143,0.35433126265210174
1488,0.4880000000000013,0.35415856825923725
1489,0.4890000000000012,0.35398560404859064
1490,0.4900000000000013,0.35381237049777947
1491,0.49100000000000144,0.3536388680849956
1492,0.4920000000000013,0.3534650972890031
1493,0.4930000000000012,0.353291058589136
1494,0.4940000000000013,0.3531167524652959
1495,0.49500000000000144,0.35294217939795003
1496,0.49600000000000133,0.35276733986812914
1497,0.4970000000000012,0.3525922343574248
1498,0.49800000000000133,0.35241686334798766
1499,0.49900000000000144,0.35224122732252516
1500,0.5000000000000013,0.35206532676429925
1501,0.5010000000000012,0.3518891621571242
1502,0.5020000000000013,0.35171273398536407
1503,0.5030000000000014,0.3515360427339313
1504,0.5040000000000013,0.35135908888828377
1505,0.5050000000000012,0.35118187293442277
1506,0.5060000000000013,0.35100439535889083
1507,0.5070000000000014,0.35082665664876966
1508,0.5080000000000013,0.3506486572916777
1509,0.5090000000000012,0.3504703977757679
1510,0.5100000000000013,0.3502918785897256
1511,0.5110000000000015,0.3501131002227663
1512,0.5120000000000013,0.3499340631646335
1513,0.5130000000000012,0.3497547679055962
1514,0.5140000000000013,0.3495752149364469
1515,0.5150000000000015,0.3493954047484994
1516,0.5160000000000013,0.34921533783358644
1517,0.5170000000000012,0.34903501468405757
1518,0.5180000000000013,0.34885443579277664
1519,0.5190000000000015,0.3486736016531201
1520,0.5200000000000014,0.3484925127589743
1521,0.5210000000000012,0.3483111696047333
1522,0.5220000000000014,0.34812957268529676
1523,0.5230000000000015,0.3479477224960678
1524,0.5240000000000014,0.3477656195329505
1525,0.5250000000000012,0.34758326429234787
1526,0.5260000000000014,0.34740065727115926
1527,0.5270000000000015,0.3472177989667787
1528,0.5280000000000014,0.3470346898770921
1529,0.5290000000000012,0.3468513305004752
1530,0.5300000000000014,0.3466677213357914
1531,0.5310000000000015,0.3464838628823894
1532,0.5320000000000014,0.3462997556401012
1533,0.5330000000000013,0.34611540010923925
1534,0.5340000000000014,0.34593079679059463
1535,0.5350000000000015,0.34574594618543514
1536,0.5360000000000014,0.3455608487955022
1537,0.5370000000000013,0.34537550512300924
1538,0.5380000000000014,0.3451899156706391
1539,0.5390000000000015,0.345004080941542
1540,0.5400000000000014,0.34481800143933317
1541,0.5410000000000013,0.34463167766809044
1542,0.5420000000000014,0.34444511013235224
1543,0.5430000000000015,0.34425829933711527
1544,0.5440000000000014,0.3440712457878321
1545,0.5450000000000013,0.34388394999040894
1546,0.5460000000000014,0.34369641245120347
1547,0.5470000000000015,0.34350863367702245
1548,0.5480000000000014,0.3433206141751196
1549,0.5490000000000013,0.3431323544531932
1550,0.5500000000000014,0.3429438550193837
1551,0.5510000000000015,0.34275511638227174
1552,0.5520000000000014,0.34256613905087596
1553,0.5530000000000013,0.34237692353464994
1554,0.5540000000000014,0.34218747034348096
1555,0.5550000000000015,0.341997779987687
1556,0.5560000000000014,0.34180785297801475
1557,0.5570000000000013,0.3416176898256373
1558,0.5580000000000014,0.34142729104215186
1559,0.5590000000000015,0.3412366571395773
1560,0.5600000000000014,0.3410457886303523
1561,0.5610000000000013,0.3408546860273326
1562,0.5620000000000014,0.3406633498437888
1563,0.5630000000000015,0.3404717805934045
1564,0.5640000000000014,0.34027997879027344
1565,0.5650000000000013,0.3400879449488975
1566,0.5660000000000014,0.3398956795841845
1567,0.5670000000000015,0.33970318321144566
1568,0.5680000000000014,0.3395104563463935
1569,0.5690000000000013,0.33931749950513956
1570,0.5700000000000014,0.33912431320419195
1571,0.5710000000000015,0.3389308979604531
1572,0.5720000000000014,0.33873725429121776
1573,0.5730000000000013,0.33854338271417017
1574,0.5740000000000014,0.3383492837473823
1575,0.5750000000000015,0.33815495790931116
1576,0.5760000000000014,0.3379604057187968
1577,0.5770000000000013,0.33776562769505986
1578,0.5780000000000014,0.3375706243576992
1579,0.5790000000000015,0.33737539622668977
1580,0.5800000000000014,0.3371799438223803
1581,0.5810000000000013,0.3369842676654909
1582,0.5820000000000014,0.33678836827711073
1583,0.5830000000000015,0.3365922461786959
1584,0.5840000000000014,0.33639590189206703
1585,0.5850000000000013,0.3361993359394071
1586,0.5860000000000014,0.3360025488432587
1587,0.5870000000000015,0.3358055411265222
1588,0.5880000000000014,0.3356083133124537
1589,0.5890000000000013,0.33541086592466174
1590,0.5900000000000014,0.3352131994871059
1591,0.5910000000000015,0.33501531452409405
1592,0.5920000000000014,0.33481721156028055
1593,0.5930000000000013,0.3346188911206631
1594,0.5940000000000014,0.33442035373058127
1595,0.5950000000000015,0.33422159991571365
1596,0.5960000000000014,0.334022630202076
1597,0.5970000000000013,0.33382344511601847
1598,0.5980000000000014,0.3336240451842235
1599,0.5990000000000015,0.3334244309337037
1600,0.6000000000000014,0.3332246028917994
1601,0.6010000000000013,0.33302456158617616
1602,0.6020000000000014,0.3328243075448227
1603,0.6030000000000015,0.33262384129604855
1604,0.6040000000000014,0.3324231633684818
1605,0.6050000000000013,0.33222227429106665
1606,0.6060000000000014,0.3320211745930611
1607,0.6070000000000015,0.33181986480403475
1608,0.6080000000000014,0.33161834545386654
1609,0.6090000000000013,0.3314166170727424
1610,0.6100000000000014,0.3312146801911527
1611,0.6110000000000015,0.3310125353398903
1612,0.6120000000000014,0.33081018305004806
1613,0.6130000000000013,0.3306076238530166
1614,0.6140000000000014,0.33040485828048194
1615,0.6150000000000015,0.33020188686442314
1616,0.6160000000000014,0.32999871013711024
1617,0.6170000000000013,0.3297953286311016
1618,0.6180000000000014,0.3295917428792418
1619,0.6190000000000015,0.3293879534146594
1620,0.6200000000000014,0.3291839607707645
1621,0.6210000000000013,0.32897976548124647
1622,0.6220000000000014,0.3287753680800715
1623,0.6230000000000016,0.3285707691014807
1624,0.6240000000000014,0.32836596907998733
1625,0.6250000000000013,0.3281609685503748
1626,0.6260000000000014,0.32795576804769416
1627,0.6270000000000016,0.3277503681072619
1628,0.6280000000000014,0.32754476926465775
1629,0.6290000000000013,0.32733897205572227
1630,0.6300000000000014,0.3271329770165542
1631,0.6310000000000016,0.3269267846835089
1632,0.6320000000000014,0.3267203955931954
1633,0.6330000000000013,0.3265138102824744
1634,0.6340000000000015,0.32630702928845573
1635,0.6350000000000016,0.3261000531484965
1636,0.6360000000000015,0.32589288240019826
1637,0.6370000000000013,0.32568551758140496
1638,0.6380000000000015,0.3254779592302007
1639,0.6390000000000016,0.3252702078849072
1640,0.6400000000000015,0.32506226408408184
1641,0.6410000000000013,0.324854128366515
1642,0.6420000000000015,0.32464580127122794
1643,0.6430000000000016,0.3244372833374705
1644,0.6440000000000015,0.3242285751047188
1645,0.6450000000000014,0.3240196771126728
1646,0.6460000000000015,0.32381058990125405
1647,0.6470000000000016,0.32360131401060366
1648,0.6480000000000015,0.3233918499810796
1649,0.6490000000000014,0.3231821983532547
1650,0.6500000000000015,0.322972359667914
1651,0.6510000000000016,0.32276233446605296
1652,0.6520000000000015,0.32255212328887467
1653,0.6530000000000014,0.3223417266777879
1654,0.6540000000000015,0.32213114517440444
1655,0.6550000000000016,0.32192037932053724
1656,0.6560000000000015,0.3217094296581979
1657,0.6570000000000014,0.3214982967295942
1658,0.6580000000000015,0.32128698107712794
1659,0.6590000000000016,0.3210754832433929
1660,0.6600000000000015,0.32086380377117224
1661,0.6610000000000014,0.32065194320343604
1662,0.6620000000000015,0.32043990208333956
1663,0.6630000000000016,0.32022768095422044
1664,0.6640000000000015,0.32001528035959675
1665,0.6650000000000014,0.31980270084316437
1666,0.6660000000000015,0.31958994294879495
1667,0.6670000000000016,0.3193770072205335
1668,0.6680000000000015,0.3191638942025964
1669,0.6690000000000014,0.3189506044393685
1670,0.6700000000000015,0.31873713847540125
1671,0.6710000000000016,0.3185234968554105
1672,0.6720000000000015,0.31830968012427396
1673,0.6730000000000014,0.318095688827029
1674,0.6740000000000015,0.31788152350887033
1675,0.6750000000000016,0.31766718471514793
1676,0.6760000000000015,0.31745267299136437
1677,0.6770000000000014,0.3172379888831729
1678,0.6780000000000015,0.31702313293637485
1679,0.6790000000000016,0.31680810569691764
1680,0.6800000000000015,0.31659290771089255
1681,0.6810000000000014,0.31637753952453174
1682,0.6820000000000015,0.3161620016842069
1683,0.6830000000000016,0.3159462947364265
1684,0.6840000000000015,0.31573041922783346
1685,0.6850000000000014,0.3155143757052031
1686,0.6860000000000015,0.31529816471544053
1687,0.6870000000000016,0.3150817868055788
1688,0.6880000000000015,0.3148652425227765
1689,0.6890000000000014,0.314648532414315
1690,0.6900000000000015,0.31443165702759696
1691,0.6910000000000016,0.3142146169101435
1692,0.6920000000000015,0.3139974126095922
1693,0.6930000000000014,0.3137800446736945
1694,0.6940000000000015,0.313562513650314
1695,0.6950000000000016,0.31334482008742354
1696,0.6960000000000015,0.3131269645331035
1697,0.6970000000000014,0.3129089475355392
1698,0.6980000000000015,0.3126907696430186
1699,0.6990000000000016,0.3124724314039302
1700,0.7000000000000015,0.312253933366761
1701,0.7010000000000014,0.3120352760800935
1702,0.7020000000000015,0.3118164600926042
1703,0.7030000000000016,0.311597485953061
1704,0.7040000000000015,0.31137835421032123
1705,0.7050000000000014,0.3111590654133286
1706,0.7060000000000015,0.31093962011111187
1707,0.7070000000000016,0.31072001885278216
1708,0.7080000000000015,0.3105002621875309
1709,0.7090000000000014,0.31028035066462717
1710,0.7100000000000015,0.31006028483341586
1711,0.7110000000000016,0.30984006524331514
1712,0.7120000000000015,0.3096196924438146
1713,0.7130000000000014,0.30939916698447256
1714,0.7140000000000015,0.309178489414914
1715,0.7150000000000016,0.30895766028482835
1716,0.7160000000000015,0.3087366801439673
1717,0.7170000000000014,0.30851554954214255
1718,0.7180000000000015,0.3082942690292231
1719,0.7190000000000016,0.3080728391551338
1720,0.7200000000000015,0.3078512604698526
1721,0.7210000000000014,0.3076295335234085
1722,0.7220000000000015,0.307407658865879
1723,0.7230000000000016,0.3071856370473883
1724,0.7240000000000015,0.3069634686181051
1725,0.7250000000000014,0.30674115412823966
1726,0.7260000000000015,0.30651869412804233
1727,0.7270000000000016,0.30629608916780104
1728,0.7280000000000015,0.30607333979783913
1729,0.7290000000000014,0.30585044656851285
1730,0.7300000000000015,0.30562741003020955
1731,0.7310000000000016,0.30540423073334527
1732,0.7320000000000015,0.30518090922836244
1733,0.7330000000000014,0.30495744606572767
1734,0.7340000000000015,0.30473384179592977
1735,0.7350000000000017,0.3045100969694772
1736,0.7360000000000015,0.30428621213689605
1737,0.7370000000000014,0.30406218784872785
1738,0.7380000000000015,0.30383802465552723
1739,0.7390000000000017,0.3036137231078597
1740,0.7400000000000015,0.3033892837562998
1741,0.7410000000000014,0.30316470715142824
1742,0.7420000000000015,0.3029399938438303
1743,0.7430000000000017,0.30271514438409325
1744,0.7440000000000015,0.3024901593228044
1745,0.7450000000000014,0.30226503921054865
1746,0.7460000000000016,0.3020397845979065
1747,0.7470000000000017,0.3018143960354518
1748,0.7480000000000016,0.30158887407374946
1749,0.7490000000000014,0.30136321926335335
1750,0.7500000000000016,0.3011374321548041
1751,0.7510000000000017,0.30091151329862675
1752,0.7520000000000016,0.3006854632453289
1753,0.7530000000000014,0.30045928254539817
1754,0.7540000000000016,0.3002329717493002
1755,0.7550000000000017,0.3000065314074764
1756,0.7560000000000016,0.29977996207034197
1757,0.7570000000000014,0.2995532642882833
1758,0.7580000000000016,0.2993264386116561
1759,0.7590000000000017,0.2990994855907832
1760,0.7600000000000016,0.2988724057759525
1761,0.7610000000000015,0.2986451997174142
1762,0.7620000000000016,0.2984178679653794
1763,0.7630000000000017,0.29819041107001754
1764,0.7640000000000016,0.2979628295814542
1765,0.7650000000000015,0.29773512404976915
1766,0.7660000000000016,0.29750729502499373
1767,0.7670000000000017,0.2972793430571093
1768,0.7680000000000016,0.29705126869604476
1769,0.7690000000000015,0.29682307249167433
1770,0.7700000000000016,0.2965947549938154
1771,0.7710000000000017,0.2963663167522266
1772,0.7720000000000016,0.2961377583166056
1773,0.7730000000000015,0.2959090802365865
1774,0.7740000000000016,0.2956802830617384
1775,0.7750000000000017,0.2954513673415626
1776,0.7760000000000016,0.295222333625491
1777,0.7770000000000015,0.29499318246288364
1778,0.7780000000000016,0.2947639144030265
1779,0.7790000000000017,0.29453452999512963
1780,0.7800000000000016,0.2943050297883248
1781,0.7810000000000015,0.2940754143316634
1782,0.7820000000000016,0.29384568417411444
1783,0.7830000000000017,0.2936158398645622
1784,0.7840000000000016,0.2933858819518044
1785,0.7850000000000015,0.2931558109845497
1786,0.7860000000000016,0.2929256275114158
1787,0.7870000000000017,0.2926953320809275
1788,0.7880000000000016,0.2924649252415142
1789,0.7890000000000015,0.29223440754150787
1790,0.7900000000000016,0.2920037795291411
1791,0.7910000000000017,0.291773041752545
1792,0.7920000000000016,0.29154219475974685
1793,0.7930000000000015,0.29131123909866824
1794,0.7940000000000016,0.2910801753171227
1795,0.7950000000000017,0.29084900396281393
1796,0.7960000000000016,0.29061772558333343
1797,0.7970000000000015,0.2903863407261585
1798,0.7980000000000016,0.29015484993865
1799,0.7990000000000017,0.2899232537680506
1800,0.8000000000000016,0.2896915527614824
1801,0.8010000000000015,0.2894597474659448
1802,0.8020000000000016,0.28922783842831257
1803,0.8030000000000017,0.28899582619533376
1804,0.8040000000000016,0.28876371131362755
1805,0.8050000000000015,0.2885314943296822
1806,0.8060000000000016,0.2882991757898528
1807,0.8070000000000017,0.28806675624035954
1808,0.8080000000000016,0.28783423622728543
1809,0.8090000000000015,0.2876016162965741
1810,0.8100000000000016,0.28736889699402796
1811,0.8110000000000017,0.28713607886530595
1812,0.8120000000000016,0.28690316245592185
1813,0.8130000000000015,0.28667014831124155
1814,0.8140000000000016,0.2864370369764815
1815,0.8150000000000017,0.28620382899670654
1816,0.8160000000000016,0.28597052491682806
1817,0.8170000000000015,0.28573712528160133
1818,0.8180000000000016,0.28550363063562395
1819,0.8190000000000017,0.2852700415233338
1820,0.8200000000000016,0.2850363584890069
1821,0.8210000000000015,0.284802582076755
1822,0.8220000000000016,0.2845687128305243
1823,0.8230000000000017,0.28433475129409275
1824,0.8240000000000016,0.2841006980110683
1825,0.8250000000000015,0.28386655352488693
1826,0.8260000000000016,0.2836323183788103
1827,0.8270000000000017,0.2833979931159241
1828,0.8280000000000016,0.2831635782791358
1829,0.8290000000000015,0.28292907441117277
1830,0.8300000000000016,0.2826944820545799
1831,0.8310000000000017,0.28245980175171814
1832,0.8320000000000016,0.2822250340447621
1833,0.8330000000000015,0.28199017947569827
1834,0.8340000000000016,0.28175523858632245
1835,0.8350000000000017,0.28152021191823856
1836,0.8360000000000016,0.2812851000128562
1837,0.8370000000000015,0.28104990341138864
1838,0.8380000000000016,0.28081462265485063
1839,0.8390000000000017,0.280579258284057
1840,0.8400000000000016,0.2803438108396202
1841,0.8410000000000015,0.2801082808619483
1842,0.8420000000000016,0.2798726688912431
1843,0.8430000000000017,0.2796369754674984
1844,0.8440000000000016,0.2794012011304975
1845,0.8450000000000015,0.27916534641981167
1846,0.8460000000000016,0.2789294118747978
1847,0.8470000000000018,0.2786933980345968
1848,0.8480000000000016,0.2784573054381315
1849,0.8490000000000015,0.27822113462410447
1850,0.8500000000000016,0.2779848861309961
1851,0.8510000000000018,0.277748560497063
1852,0.8520000000000016,0.27751215826033576
1853,0.8530000000000015,0.2772756799586168
1854,0.8540000000000016,0.2770391261294787
1855,0.8550000000000018,0.2768024973102623
1856,0.8560000000000016,0.27656579403807463
1857,0.8570000000000015,0.2763290168497867
1858,0.8580000000000017,0.2760921662820321
1859,0.8590000000000018,0.27585524287120455
1860,0.8600000000000017,0.2756182471534563
1861,0.8610000000000015,0.2753811796646961
1862,0.8620000000000017,0.275144040940587
1863,0.8630000000000018,0.274906831516545
1864,0.8640000000000017,0.27466955192773657
1865,0.8650000000000015,0.2744322027090769
1866,0.8660000000000017,0.27419478439522815
1867,0.8670000000000018,0.27395729752059733
1868,0.8680000000000017,0.2737197426193344
1869,0.8690000000000015,0.2734821202253305
1870,0.8700000000000017,0.2732444308722159
1871,0.8710000000000018,0.273006675093358
1872,0.8720000000000017,0.2727688534218599
1873,0.8730000000000016,0.27253096639055785
1874,0.8740000000000017,0.2722930145320197
1875,0.8750000000000018,0.27205499837854313
1876,0.8760000000000017,0.2718169184621535
1877,0.8770000000000016,0.271578775314602
1878,0.8780000000000017,0.2713405694673639
1879,0.8790000000000018,0.27110230145163655
1880,0.8800000000000017,0.2708639717983376
1881,0.8810000000000016,0.2706255810381031
1882,0.8820000000000017,0.2703871297012852
1883,0.8830000000000018,0.2701486183179512
1884,0.8840000000000017,0.2699100474178809
1885,0.8850000000000016,0.269671417530565
1886,0.8860000000000017,0.26943272918520306
1887,0.8870000000000018,0.269193982910702
1888,0.8880000000000017,0.2689551792356742
1889,0.8890000000000016,0.26871631868843515
1890,0.8900000000000017,0.268477401797002
1891,0.8910000000000018,0.2682384290890919
1892,0.8920000000000017,0.26799940109211967
1893,0.8930000000000016,0.26776031833319636
1894,0.8940000000000017,0.26752118133912717
1895,0.8950000000000018,0.2672819906364098
1896,0.8960000000000017,0.2670427467512323
1897,0.8970000000000016,0.2668034502094718
1898,0.8980000000000017,0.26656410153669213
1899,0.8990000000000018,0.26632470125814217
1900,0.9000000000000017,0.26608524989875443
1901,0.9010000000000016,0.2658457479831425
1902,0.9020000000000017,0.2656061960355997
1903,0.9030000000000018,0.2653665945800974
1904,0.9040000000000017,0.265126944140283
1905,0.9050000000000016,0.2648872452394779
1906,0.9060000000000017,0.2646474984006761
1907,0.9070000000000018,0.2644077041465423
1908,0.9080000000000017,0.2641678629994101
1909,0.9090000000000016,0.26392797548127994
1910,0.9100000000000017,0.26368804211381774
1911,0.9110000000000018,0.263448063418353
1912,0.9120000000000017,0.26320803991587666
1913,0.9130000000000016,0.26296797212703993
1914,0.9140000000000017,0.26272786057215197
1915,0.9150000000000018,0.2624877057711784
1916,0.9160000000000017,0.2622475082437397
1917,0.9170000000000016,0.262007268509109
1918,0.9180000000000017,0.2617669870862105
1919,0.9190000000000018,0.26152666449361794
1920,0.9200000000000017,0.2612863012495527
1921,0.9210000000000016,0.26104589787188204
1922,0.9220000000000017,0.260805454878117
1923,0.9230000000000018,0.26056497278541146
1924,0.9240000000000017,0.2603244521105599
1925,0.9250000000000016,0.2600838933699953
1926,0.9260000000000017,0.25984329707978826
1927,0.9270000000000018,0.25960266375564456
1928,0.9280000000000017,0.2593619939129039
1929,0.9290000000000016,0.25912128806653795
1930,0.9300000000000017,0.2588805467311484
1931,0.9310000000000018,0.25863977042096603
1932,0.9320000000000017,0.25839895964984805
1933,0.9330000000000016,0.25815811493127694
1934,0.9340000000000017,0.25791723677835865
1935,0.9350000000000018,0.25767632570382093
1936,0.9360000000000017,0.2574353822200116
1937,0.9370000000000016,0.2571944068388967
1938,0.9380000000000017,0.2569534000720591
1939,0.9390000000000018,0.25671236243069645
1940,0.9400000000000017,0.25647129442561994
1941,0.9410000000000016,0.2562301965672523
1942,0.9420000000000017,0.2559890693656261
1943,0.9430000000000018,0.25574791333038227
1944,0.9440000000000017,0.2555067289707684
1945,0.9450000000000016,0.25526551679563697
1946,0.9460000000000017,0.2550242773134436
1947,0.9470000000000018,0.2547830110322458
1948,0.9480000000000017,0.2545417184597008
1949,0.9490000000000016,0.2543004001030644
1950,0.9500000000000017,0.2540590564691886
1951,0.9510000000000018,0.25381768806452093
1952,0.9520000000000017,0.2535762953951022
1953,0.9530000000000016,0.2533348789665647
1954,0.9540000000000017,0.25309343928413097
1955,0.9550000000000018,0.2528519768526121
1956,0.9560000000000017,0.2526104921764061
1957,0.9570000000000016,0.2523689857594959
1958,0.9580000000000017,0.2521274581054484
1959,0.9590000000000019,0.25188590971741226
1960,0.9600000000000017,0.25164434109811673
1961,0.9610000000000016,0.25140275274986956
1962,0.9620000000000017,0.25116114517455584
1963,0.9630000000000019,0.25091951887363634
1964,0.9640000000000017,0.25067787434814565
1965,0.9650000000000016,0.2504362120986907
1966,0.9660000000000017,0.2501945326254494
1967,0.9670000000000019,0.24995283642816865
1968,0.9680000000000017,0.24971112400616327
1969,0.9690000000000016,0.24946939585831387
1970,0.9700000000000017,0.2492276524830655
1971,0.9710000000000019,0.24898589437842636
1972,0.9720000000000018,0.2487441220419658
1973,0.9730000000000016,0.24850233597081303
1974,0.9740000000000018,0.2482605366616553
1975,0.9750000000000019,0.2480187246107367
1976,0.9760000000000018,0.24777690031385638
1977,0.9770000000000016,0.24753506426636707
1978,0.9780000000000018,0.24729321696317333
1979,0.9790000000000019,0.24705135889873034
1980,0.9800000000000018,0.2468094905670423
1981,0.9810000000000016,0.24656761246166056
1982,0.9820000000000018,0.24632572507568246
1983,0.9830000000000019,0.24608382890174968
1984,0.9840000000000018,0.24584192443204678
1985,0.9850000000000017,0.24560001215829946
1986,0.9860000000000018,0.24535809257177324
1987,0.9870000000000019,0.24511616616327203
1988,0.9880000000000018,0.24487423342313647
1989,0.9890000000000017,0.24463229484124233
1990,0.9900000000000018,0.24439035090699915
1991,0.9910000000000019,0.2441484021093489
1992,0.9920000000000018,0.2439064489367643
1993,0.9930000000000017,0.24366449187724715
1994,0.9940000000000018,0.24342253141832715
1995,0.9950000000000019,0.24318056804706037
1996,0.9960000000000018,0.24293860225002775
1997,0.9970000000000017,0.2426966345133335
1998,0.9980000000000018,0.2424546653226037
1999,0.9990000000000019,0.242212695162985
