Index,Loss,Distance
0,0.0,0.1780908982682212
1,0.0,0.03094819515266782
2,0.0,0.06300763627753077
3,0.0,0.03416472713409253
4,0.0,0.028797103276564776
5,0.0,0.04437708356096241
6,0.0,0.12487498191820982
7,0.0,0.33297335015050095
8,0.0,0.07954797985149556
9,0.0,0.046442235848639504
10,0.0,0.059168745058997094
11,0.0,0.5989956777166676
12,0.0,0.09712667933432743
13,0.0,0.11516477861816725
14,0.0,0.08181274116258878
15,0.0,0.3177703300523955
16,0.0,0.3137586969935061
17,0.0,0.4918184893294857
18,0.0,0.06574751811139239
19,0.0,0.11471213490092144
20,0.0,0.09429100310218973
21,0.0,0.005788523908516071
22,0.0,0.6542165066095565
23,0.0,0.040392178985110425
24,0.0,0.11812703128761759
25,0.0,0.0860309094001756
26,0.0,0.08803906920721098
27,0.0,0.09937945477847153
28,0.0,0.11000700480987226
29,0.0,0.295526002204162
30,0.0,0.16270077281653667
31,0.0,0.06461547456761867
32,0.0,0.07315620030685584
33,0.0,0.0834327387096412
34,0.0,0.075083862734154
35,0.0,0.004854479158608297
36,0.0,0.820557321961855
37,0.0,0.5608023100883557
38,0.0,0.28393882644925994
39,0.0,0.22875884716988162
40,0.0,0.27836651121193473
41,0.0,0.15420610280594582
42,0.0,0.14431357187446375
43,0.0,0.18525505370721884
44,0.0,0.1803223026483582
45,0.0,0.2870517103174765
46,0.0,0.16761838422102485
47,0.0,0.09685046171413401
48,0.0,0.09549696342558384
49,0.0,0.09967180822778846
50,0.0,0.09711344017179117
51,0.0,0.028525049360285503
52,0.0,0.03218707806700716
53,0.0,0.0538767143289171
54,0.0,0.045899742413827944
55,0.0,0.04208869433091868
56,0.0,0.07806685955509111
57,0.0,0.057644146504193985
58,0.0,0.08443699918734233
59,0.0,0.10924107059988526
60,0.0,0.07024551332708306
61,0.0,0.16641324870298246
62,0.0,0.2535531384934829
63,0.0,0.1032460757127691
64,0.0,0.14631394269390044
65,0.13642919119449937,0.11926002704633627
66,0.0,0.12481501969915625
67,0.06765166565796742,0.11379775719254806
68,0.0,0.0376573830945824
69,0.0,0.01189941160562479
70,0.0,0.012111404582696432
71,0.0,0.092900603470506
72,0.0,0.09632787893278197
73,0.0,0.5150748336716492
74,0.0,0.4249061136832428
75,0.0,0.5405499445688015
76,0.0,0.220235634516838
77,0.0,0.11164426616740995
78,0.0,0.15778575452647314
79,0.0,0.05442635726325631
80,0.02973990274534992,0.04845560549997269
81,0.0,0.12454242108727029
82,0.0,0.11188553054067246
83,0.0,0.1106873308498968
84,0.0,0.11761283838657945
85,0.02945942360488742,0.11702498826379891
86,0.0,0.058902919058910735
87,0.0,0.043993127492279537
88,0.0,0.03240457108261014
89,0.0,0.1158393572916882
90,0.0,0.16434992446998437
91,0.0,0.02811746142104961
92,0.0,0.298789779948456
93,0.0,0.05790478255170917
94,0.0,0.0410082195142139
95,0.0,0.06989125522923709
96,0.0,0.02534827587798887
97,0.0,0.255566390120974
98,0.0,0.38948347510857734
99,0.0,0.2975962465998905
100,0.0,0.22527414186253703
101,0.0,0.07058332451599592
102,0.0,0.04031522728070512
103,0.0,0.06388537544850002
104,0.0,0.07185918068512387
105,0.0,0.6368490775438234
106,0.0,0.7446242238939799
107,0.0,0.5796567419698808
108,0.0,0.5009290117262197
109,0.0,0.1049809479640948
110,0.0,0.280661874422091
111,0.0,0.28895049322399097
112,0.0,0.23981362987619634
113,0.0,0.15646658063100408
114,0.0,0.2502155306727694
115,0.0,0.14868094215713967
116,0.0,0.13843697260610113
117,0.0,0.13267112149119434
118,0.0,0.09157546049927892
119,0.0,0.07938058980651688
120,0.0,0.08343346786850885
121,0.0,0.08850871719084383
122,0.0,0.12124088770417425
123,0.0,0.12199505699895287
124,0.0,0.028971938009077387
125,0.0,0.19671503263904602
126,0.0,0.011302857336236741
127,0.0,0.014411408871897667
128,0.0,0.011771830110443778
129,0.0,0.17548837918671187
130,0.0,0.11522491204350753
131,0.0,0.12900715886051972
132,0.0,0.12475011098581953
133,0.0,0.05158968863067945
134,0.0,0.052132883579872946
135,0.0,0.05380841268304107
136,0.0,0.042717154215617795
137,0.0,0.07263363965815632
138,0.0,0.19553060257734714
139,0.0,0.1140297217916963
140,0.0,0.012793155243351305
141,0.0,0.009684795509108213
142,0.08513637905141352,0.005433174457507804
143,0.0,0.08445257398590077
144,0.0,0.11675368699627943
145,0.0,0.18239442652549076
146,0.0,0.04712420583681186
147,0.0,0.015496361058079116
148,0.0,0.058858245646017805
149,0.0,0.03576544470215614
150,0.0,0.14586858443519077
151,0.0,0.14067658942324696
152,0.0,0.1994984828432543
153,0.0,0.04416509347909242
154,0.0,0.005088354459586896
155,0.0,0.004663116652369328
156,0.0,0.04281073506277682
157,0.0,0.1628808127780167
158,0.0,0.15362818227436495
159,0.0,0.12008705490418518
160,0.0,0.16441418105755512
161,0.0,0.1607698371815755
162,0.0,0.15366583240113543
163,0.0,0.09628145980686614
164,0.0,0.3498494021507135
165,0.0,0.17862169324100585
166,0.0,0.2162743078316522
167,0.0,0.07651118462001018
168,0.0,0.020263522095494937
169,0.0,0.05044403338213717
170,0.0,0.0979958792765103
171,0.0,0.035051071567638835
172,0.029632333845381192,0.022973325578754897
173,0.0,0.06913341859718758
174,0.0,0.03412875055843215
175,0.10590808990522174,0.014940537419285265
176,0.0,0.014223686678997854
177,0.0,0.07272157451274253
178,0.0,0.20482453098581216
179,0.0,0.4342662786673386
180,0.0,0.37682108143672244
181,0.0,0.03371043053197293
182,0.0,0.07397355825064203
183,0.0,0.47595265297777106
184,0.0,0.40152716370757413
185,0.0,0.40243115866424395
186,0.0,0.027780492565684656
187,0.0,0.028030759801501243
188,0.0,0.002475782960513183
189,0.0,0.05289393322241353
190,0.0,0.023504382226572987
191,0.0,0.037523999980659285
192,0.0,0.06565605214873213
193,0.0,0.024579169672871916
194,0.0,0.035748033305307216
195,0.0,0.06098618879665143
196,0.0,0.0857492699308486
197,0.0,0.059994715391115415
198,0.0,0.07273737642680203
199,0.0,0.05952396943795761
200,0.0,0.05449539457155814
201,0.0,0.024890961479480576
202,0.0,0.011076273179394122
203,0.0,0.023862569324428116
204,0.0,0.05450293565472409
205,0.0,0.019210270985975164
206,0.0,0.019813183381070687
207,0.0,0.008553688401432486
208,0.0,0.06130063923040447
209,0.0,0.07022860592880677
210,0.0,0.058723285270465136
211,0.0,0.0848667509267571
212,0.0,0.10906670623020794
213,0.0,0.11554282715422479
214,0.0,0.1597559932783935
215,0.0,0.10945946779438818
216,0.0,0.064415880885945
217,0.0,0.27587491136018216
218,0.0,0.30171942181062933
219,0.0,0.3022115836274877
220,0.0,0.01393088995058251
221,0.0,0.036997341313966425
222,0.0,0.0587874316327959
223,0.0,0.08870920474905457
224,0.0,0.004396049837767196
225,0.0,0.022770741024582996
226,0.0,0.018636922096648963
227,0.0,0.5946357945859908
228,0.0,0.3058757168607017
229,0.0,0.02368674334508063
230,0.0,0.019438855718180867
231,0.0,0.19294450410777256
232,0.0,0.20064251823326695
233,0.0,0.18490434482290435
234,0.0,0.6098829757305511
235,0.0,0.718911069526843
236,0.0,0.7348245249940742
237,0.0,0.5715203521888378
238,0.0,0.014281389127564909
239,0.0,0.05157214270499362
240,0.0,0.02889403548675057
241,0.0,0.14770799362170461
242,0.0,0.02875605574840604
243,0.0,0.024700635233625555
244,0.0,0.01722291197775735
245,0.0,0.14657122237323256
246,0.0,0.007503856694340585
247,0.0,0.1331540284209644
248,0.0,0.00849817109376024
249,0.0,0.0067131135039885485
250,0.0,0.023895675461091493
251,0.0,0.009225860054860755
252,0.0,0.0076776058485408544
253,0.0,0.1003868473597077
254,0.0,0.10427868337517941
255,0.026810933622145313,0.10397376903620127
256,0.0,0.36261107025953665
257,0.0,0.10225795565162987
258,0.1477056499488187,0.35561125038861796
259,0.021922260699146275,0.0990341410068404
260,0.0,0.12602729833045578
261,0.0,3.892947858579225e-05
262,0.0,0.008965594221762905
263,0.0,4.0126288475152716e-05
264,0.0,0.09617062503654375
265,0.0,0.07777493857563594
266,0.0,0.0974618296132562
267,0.0,0.07145592441968547
268,0.0,0.07190675079474765
269,0.0,0.002934553487976927
270,0.0,0.020358822826930755
271,0.0,0.052465917973028464
272,0.0,0.005277237100547255
273,0.0,0.011100753697740117
274,0.0,0.015902300806538674
275,0.0,0.015603342250552965
276,0.0,0.010528045720124004
277,0.0,0.014057204794771962
278,0.0,0.020729506214142327
279,0.0,0.01226196618695209
280,0.0,0.012080405722121743
281,0.0,0.009476091392845006
282,0.015091116000138979,0.015043406978399345
283,0.0,0.003301499229149987
284,0.0,0.1326706070554808
285,0.0,0.159034200020396
286,0.0,0.12842465116192062
287,0.0,0.12218811246031763
288,0.0,0.15711337822221355
289,0.0,0.14390045928035758
290,0.0,0.124700000756298
291,0.0,0.18820094651256614
292,0.0,0.08581909962311794
293,0.0,0.09838169853145917
294,0.0,0.03113501054668598
295,0.0,0.0244387239252536
296,0.0,0.016768866726671734
297,0.0,0.02497032543455427
298,0.0,0.1956649425774091
299,0.0,0.20661759652033362
300,0.0,0.09056717614126204
301,0.0,0.06092441956582852
302,0.0,0.24616494488498966
303,0.0,0.08636631210417468
304,0.0,0.05931919009243425
305,0.0,0.03627164102556006
306,0.07869747681813366,0.6792953032794193
307,0.0,0.662066539390276
308,0.0,0.6116029528997705
309,0.0,0.5834902012009648
310,0.0,0.5953606044744878
311,0.0,0.19784125380109824
312,0.0,0.18640102643273487
313,0.0,0.2305087974562466
314,0.0,0.1813294925015654
315,0.0,0.21221900275808508
316,0.0,0.05742033593074777
317,0.0,0.05648719478836256
318,0.0,0.04977858216130064
319,0.0,0.07240636212888578
320,0.0,0.04856718513238387
321,0.0,0.052543835582603726
322,0.0,0.1195330514310933
323,0.0,0.03424226149389887
324,0.0,0.02576117208675805
325,0.0,0.04748601520201118
326,0.0,0.10432374528688854
327,0.0,0.10234592131796338
328,0.0,0.15049758614524827
329,0.0,0.11545430324125731
330,0.0,0.07509066861558124
331,0.0,0.07505855896489098
332,0.0,0.05751714958842736
333,0.0,0.09979902161673605
334,0.0,0.24514228323823006
335,0.0,0.026609300427839083
336,0.0,0.0022551960580606918
337,0.0,0.1353769514072292
338,0.0,0.18779306527599737
339,0.0,0.7426284294867971
340,0.0,0.3042201069073937
341,0.0,0.5927093939107169
342,0.0,0.022725210755968114
343,0.0,0.11280154611330502
344,0.0,0.24964824153295742
345,0.0,0.1800153415970772
346,0.0,0.14440581785538717
347,0.0,0.013638516555532184
348,0.0,0.014187899054372802
349,0.0,0.026273713245549887
350,0.0,0.32212133424697587
351,0.0,0.0076245906210951975
352,0.0,0.33920094752803936
353,0.0,0.1807474451650599
354,0.0,0.12824714823117347
355,0.0,0.5297294936599267
356,0.0,0.0029139564557662014
357,0.0,0.006778090657990241
358,0.0,0.009866153480443665
359,0.0,0.12579876394130246
360,0.0,0.11040571535478409
361,0.0,0.06274385289627915
362,0.0,0.01709378351294871
363,0.0,0.020464888779001253
364,0.0,0.05337482210894863
365,0.0,0.012452668335921518
366,0.0,0.3836306165657504
367,0.0,0.15293941803907252
368,0.0,0.09835962466330618
369,0.18176929805053382,0.7225401853574438
370,0.0,0.6505386806942802
371,0.0,0.09523272741181882
372,0.0,0.12180604020651613
373,0.0,0.2642672242544575
374,0.0,0.2694051790264366
375,0.0,0.1191271181030874
376,0.0,0.07351588578335091
377,0.0,0.15535168114298464
378,0.0,0.16913923579620063
379,0.0,0.14300547200624414
380,0.0,0.15601197061280447
381,0.0,0.13708918066279682
382,0.0,0.05390804562802244
383,0.0,0.06763484740477103
384,0.0,0.10596969742171251
385,0.0,0.08435119741765272
386,0.0,0.08574165248103999
387,0.0,0.25613460296268875
388,0.0,0.10602536438695423
389,0.0,0.16314622954506428
390,0.0,0.13061525249797687
391,0.12043693994900966,0.12413129157265645
392,0.0,0.15027122563270492
393,0.0,0.45882987460118396
394,0.0,0.15208765053778375
395,0.0,0.5762036411824213
396,0.0,0.22745383753224035
397,0.0,0.237659193544887
398,0.0,0.28728784660799306
399,0.0,0.008697486347491174
400,0.0,0.047846806222968656
401,0.0,0.07485358798299922
402,0.0,0.08106381887599114
403,0.0,0.1766866724486881
404,0.0,0.20914738599648638
405,0.0,0.18462778993076653
406,0.0,0.5762236771164747
407,0.16585862815153316,0.5863397436266555
408,0.0,0.554894866720542
409,0.0,0.06879556199997135
410,0.0,0.08542400257892152
411,0.0,0.0573824571196224
412,0.0,0.14664301913113106
413,0.0,0.0561823139438239
414,0.0,0.06324880108816704
415,0.0,0.05692154342329576
416,0.0,0.04549046071311401
417,0.0,0.10136228803747496
418,0.0,0.08756196356101309
419,0.0,0.058506233650709845
420,0.0,0.056059741846359076
421,0.0,0.1133317874923839
422,0.0,0.08268832283602703
423,0.0,0.034350692459432564
424,0.0,0.15494317525856158
425,0.0,0.21136231330341904
426,0.0,0.37587879164324883
427,0.0,0.08849116138326198
428,0.0,0.08863707613390968
429,0.0,0.15108034959178604
430,0.0,0.20315770278674963
431,0.0,0.169467370005084
432,0.0,0.0550145808034624
433,0.0,0.05770199736101427
434,0.0,0.08213236624423666
435,0.0,0.10972405408668219
436,0.0,0.10049859866994712
437,0.0,0.10985293665187283
438,0.0,0.09747572310374175
439,0.0,0.14019444437402537
440,0.0,0.11178963946179006
441,0.0,0.13407393064486492
442,0.0,0.006713985941436753
443,0.0,0.005726417525036641
444,0.0,0.006054988853487224
445,0.0,0.007985409725564501
446,0.0,0.0064883988440078725
447,0.0,0.05481431201217646
448,0.0,0.0492593348987481
449,0.0,0.05546164446437887
450,0.0,0.07105179492285749
451,0.0,0.10266833682641148
452,0.0,0.07327636819210748
453,0.0,0.028222610252108017
454,0.0,0.030732241695847637
455,0.0,0.22709811928775633
456,0.0,0.5282213296690378
457,0.0,0.44894556450936607
458,0.0,0.48137302201135823
459,0.0,0.12878306627255057
460,0.0,0.12985243474245634
461,0.0,0.11078355652811772
462,0.0,0.10384293078533068
463,0.0,0.149470793997326
464,0.0,0.12872442384120386
465,0.0,0.1592707667573704
466,0.0,0.1258429046697081
467,0.0,0.478938644189585
468,0.0,0.02629172333221494
469,0.0,0.024055424937736873
470,0.0,0.055365292474657955
471,0.0,0.022532400138867606
472,0.0,0.0946290150259211
473,0.0,0.12372759873114691
474,0.0,0.18029061844960637
475,0.0,0.17196018802908805
476,0.0,0.1809315870614272
477,0.020391275767408224,0.49111944153114656
478,0.0,0.5728260631236878
479,0.0,0.26872873638016165
480,0.0,0.46345195089932745
481,0.0,0.5896421246828346
482,0.0,0.17152730758505938
483,0.0,0.6150213511091468
484,0.0,0.01932856708879857
485,0.0,0.01636032408099744
486,0.0,0.08488491799383861
487,0.0,0.11401051789361547
488,0.0,0.12291696892760834
489,0.0,0.1502334100817348
490,0.0,0.14649119976644837
491,0.0,0.10331705157396513
492,0.0,0.12114788955460346
493,0.0,0.16539353561683262
494,0.0,0.08564912363905895
495,0.0,0.20475045848277748
496,0.0,0.15690157182435088
497,0.0,0.15455691962337986
498,0.15870532785426614,0.1412964336206807
499,0.033046964430220815,0.1313777549661066
500,0.0,0.00014927189656019468
501,0.0,0.00045034839760798884
502,0.0,0.2534132435549397
503,0.0,0.2596348275668698
504,0.09906881268742262,0.1983290429999519
505,0.0,0.15797979835444206
506,0.0,0.06339740259689167
507,0.0,0.0056707594347158215
508,0.0,0.04661658630818625
509,0.0,0.11120017979053233
510,0.0,0.0999906031037298
511,0.0,0.08103747893426971
512,0.0,0.0801380925286098
513,0.0,0.5821781246510168
514,0.0,0.38814299325491064
515,0.0,0.3697410426683351
516,0.0,0.04707407244746653
517,0.0,0.04357115604143077
518,0.0,0.1376061930009397
519,0.0,0.16422419125382437
520,0.0,0.44552568695968764
521,0.0,0.13669725106511443
522,0.0,0.0763715116968653
523,0.0,0.004342085768246377
524,0.0,0.00042003486414819854
525,0.0,0.0038967375186493595
526,0.0,0.003333820000392317
527,0.0,0.23570498141706
528,0.0,0.1636567666379951
529,0.0,0.10200788879516794
530,0.0,0.13545431069075758
531,0.0,0.1417194299700586
532,0.0,0.11113444178327476
533,0.0,0.17320693947149307
534,0.0,0.03981961539744288
535,0.0,0.0020975929807364444
536,0.0,0.4201382764902224
537,0.0,0.2729291279420105
538,0.0,0.3090296561561289
539,0.0,0.3049860102507016
540,0.0,0.19065552409438521
541,0.0,0.24779853859161316
542,0.0,0.6908514734955603
543,0.0,0.26932464876621653
544,0.0,0.2597275940601088
545,0.0,0.020946382189209942
546,0.0,0.021558297639528802
547,0.0,0.008412096502985127
548,0.0,0.20445603586316274
549,0.0,0.2235525472755167
550,0.0,0.21657584277887293
551,0.0,0.08111904635434233
552,0.0,0.17044125215373407
553,0.0,0.08889982540487557
554,0.0,0.08870098773688785
555,0.0,0.26511715786937606
556,0.0,0.32423735766410583
557,0.0,0.15933818426847282
558,0.0,0.2676545789323809
559,0.0,0.5790484487228622
560,0.0,0.48567303186096916
561,0.0,0.27249751363826075
562,0.0,0.2772973363736384
563,0.0,0.27761478752655444
564,0.0,0.2847480585920997
565,0.0,0.07886518968847145
566,0.0,0.08611450167094625
567,0.0,0.08315686125634886
568,0.0,0.08233976428741285
569,0.0,0.13121620622736055
570,0.0,0.31658337017337207
571,0.0,0.31873425146662304
572,0.0,0.38109824494603156
573,0.0,0.30074077515695535
574,0.0,0.13964134872823997
575,0.0,0.0007232671397440936
576,0.0,0.06966554854802885
577,0.0,0.01653207329499189
578,0.0,0.6726011251599895
579,0.0,0.20254520017518743
580,0.0,0.25944765538743336
581,0.0,0.10585077486446128
582,0.0,0.41586421992928563
583,0.0,0.42936863393877805
584,0.0,0.0023064255020783394
585,0.0,0.004908499416307447
586,0.0,0.06209874169914893
587,0.0,0.047921567782746866
588,0.0,0.08041401667343842
589,0.0,0.09601625536879287
590,0.0,0.02863278695667768
591,0.0,0.035605904465876775
592,0.0,0.0304204252021672
593,0.0,0.04956412192634766
594,0.0,0.05215374095512204
595,0.0,0.09286180241824128
596,0.021563670345200948,0.07024851892989258
597,0.0,0.05603610211475238
598,0.0,0.30938829471015233
599,0.0,0.43947331602252193
600,0.0,0.026693361326113167
601,0.0,0.055071260414860934
602,0.0,0.0758338886076683
603,0.02405787439971742,0.03947312294904595
604,0.0,0.06676527950969997
605,0.0,0.06301493021248733
606,0.0,0.0694335744056981
607,0.0,0.06414439021566842
608,0.0,0.39232138888653634
609,0.0,0.3535554629171163
610,0.0,0.3009146128016907
611,0.0,0.10500778328848087
612,0.0,0.08461589914178644
613,0.0,0.08808950896858224
614,0.0,0.06572574059300411
615,0.0,0.1352536802008194
616,0.0,0.3168222704126225
617,0.0,0.1779086311619717
618,0.0,0.23707973688399392
619,0.0,0.9878235184771872
620,0.0,0.7205110120379742
621,0.0,0.8325979593906643
622,0.0,0.5284410978830655
623,0.0,0.18779660162137177
624,0.0,0.12067528021720124
625,0.0,0.5585966235329661
626,0.0,0.21784243191375796
627,0.0,0.14367554648574637
628,0.0,0.3530572945511056
629,0.0,0.11007454493019456
630,0.07365711251407911,0.13269138420559573
631,0.0,0.05048676958000158
632,0.0,0.048215526490977094
633,0.0,0.046275090004030156
634,0.0,0.06419418411815525
635,0.0,0.749225378332193
636,0.0,0.5386613532213333
637,0.0,0.4930847310040541
638,0.0,0.653471207988364
639,0.0,0.2540255507803898
640,0.0,0.30918626373828867
641,0.0,0.2025145582715762
642,0.0,0.16161114738208626
643,0.0,0.16155747204742
644,0.0,0.07681336215796636
645,0.0,0.06445936827360475
646,0.0,0.019850490366391523
647,0.0,0.014396967701843249
648,0.0,0.015155438783139095
649,0.0,0.11052578990517943
650,0.0,0.1788568780767716
651,0.0,0.14961744124578719
652,0.0,0.17937932249452063
653,0.0,0.1444938099230962
654,0.0,0.25934177548450943
655,0.0,0.4684568201038528
656,0.0,0.44162924636232026
657,0.0,0.8267506952672102
658,0.0,0.9428643306915513
659,0.0,0.39093333931799373
660,0.0,0.40481667033139435
661,0.0,0.38286775529816713
662,0.0,0.4359708275101915
663,0.0,0.001036663647220485
664,0.0,0.024184876227784553
665,0.0,0.0027980238226564848
666,0.0,0.1717050275630319
667,0.0,0.028293026685120806
668,0.0,0.25292798262879806
669,0.0,0.02498743662343825
670,0.0,0.053400165306257755
671,0.0,0.03553552977526935
672,0.0,0.15416002651636182
673,0.0,0.0583411267562072
674,0.0,0.006093577020396295
675,0.0,0.003604489778789531
676,0.0,0.009493731672048675
677,0.0,0.02529674009635754
678,0.0,0.07116300637819588
679,0.0,0.17923386123208068
680,0.0,0.09614308564826331
681,0.0,0.10195812189217218
682,0.0,0.06858333898968527
683,0.0,0.04240012346669112
684,0.0,0.04245063566447629
685,0.0,0.06019937486961216
686,0.0,0.023091691314473948
687,0.10640799357727611,0.13490013208324347
688,0.0,0.058027425415034965
689,0.0,0.09210070700487462
690,0.0,0.07094128977494402
691,0.0,0.09452930440783892
692,0.0,0.056070146552835876
693,0.22504793600417747,0.044956998994165505
694,0.0,0.0978434416105884
695,0.0,0.5011648483495723
696,0.0,0.17208107367707806
697,0.0,0.15885569214998466
698,0.0,0.1713227993758664
699,0.0,0.1863858021633045
700,0.0,0.19970748713555475
701,0.0,0.08018697400783047
702,0.0,0.2942406578228128
703,0.0,0.03608321378068939
704,0.0,0.06325529778400121
705,0.0,0.05631132708668272
706,0.0,0.05869423262164786
707,0.0,0.1282196195499219
708,0.0,0.1507542809700785
709,0.0,0.11495123789007067
710,0.038713214652280815,0.18132236040320143
711,0.0,0.11720437268130944
712,0.0,0.1081633705227062
713,0.0,0.14562731331820095
714,0.0,0.09763052261228752
715,0.0,0.09763437172745254
716,0.0,0.09861640032489231
717,0.0,0.06719658942113448
718,0.0,0.3140786735741414
719,0.0,0.1942646919442872
720,0.0,0.340976411882575
721,0.0,0.4446566926437365
722,0.0,0.05342142078531907
723,0.0,0.04001257922524735
724,0.0,0.08158147707078073
725,0.0,0.078377019328248
726,0.0,0.09779829092512665
727,0.0,0.16340630232129816
728,0.0,0.1460757354692594
729,0.0,0.09612782606920814
730,0.0,0.36714103297631684
731,0.0,0.373237087811388
732,0.0,0.3731401708070209
733,0.0,0.10851905968128056
734,0.0,0.042753199270771196
735,0.0,0.05302846567251843
736,0.0,0.06255328475156521
737,0.0,0.06123745269698132
738,0.0,0.05860414269040508
739,0.0,0.20987054337284405
740,0.0,0.22212262205481118
741,0.0,0.16666039874417754
742,0.0,0.19603930674445563
743,0.0,0.17692652802767098
744,0.0,0.06751447200414798
745,0.0,0.04271268140319324
746,0.0,0.04353661915911896
747,0.0,0.007904762072326583
748,0.021671016674784785,0.009029329902722209
749,0.0,0.02330511598585579
750,0.0,0.09288143522397317
751,0.0,0.055747490697926026
752,0.0,0.028949653213296418
753,0.0,0.0075915155316836685
754,0.0,0.015448149122103268
755,0.0,0.004444283822257804
756,0.0,0.050660691276629054
757,0.0,0.038265105046929496
758,0.0,0.050056526021351466
759,0.0,0.05082472129524164
760,0.0,0.2388639974900989
761,0.04686098704926292,0.29130690746159704
762,0.0,0.3330152069610172
763,0.0,0.3510438020794255
764,0.0,0.07536136905271165
765,0.0,0.050278090339537285
766,0.0,0.27537202819343765
767,0.0,0.2762655009636287
768,0.0,0.24394312498784373
769,0.0,0.010181749048999574
770,0.0,0.014144021920336002
771,0.0,0.006447443726707153
772,0.0,0.014548829807535836
773,0.0,0.016711742920179906
774,0.0,0.23010182179629407
775,0.0,0.484491529426733
776,0.0,0.27363111388851913
777,0.0,0.5154029257900846
778,0.0,0.050942020635287244
779,0.0,0.03841424394783021
780,0.0,0.07075341062978246
781,0.0,0.13671770775357397
782,0.0,0.1292689079585807
783,0.0,0.15208023547722802
784,0.0,0.0022336174833460913
785,0.0,0.0027244472971365034
786,0.0,0.15492293628672446
787,0.15898405128515575,0.15540082275081407
788,0.0,0.14223593367095957
789,0.0,0.18487279842386975
790,0.0,0.19134944300344314
791,0.0,0.29122692740732703
792,0.0,0.049586317097878044
793,0.0,0.07489622441312307
794,0.0,0.0734601695380819
795,0.0,0.09170569475220554
796,0.0,0.061765532867488496
797,0.0,0.06531428134980252
798,0.0,0.06540824226035184
799,0.0,0.08912557590095431
800,0.0,0.09983965484492931
801,0.0,0.15799893275308996
802,0.0,0.08370516385088651
803,0.0,0.1409075817548588
804,0.0,0.12122268758596802
805,0.0,0.041839958118857545
806,0.0,0.08769330270743071
807,0.0,0.43201512902703126
808,0.0,0.08444684141008175
809,0.0,0.0617283057798199
810,0.0,0.10854854900980425
811,0.0,0.08382441931576613
812,0.0,0.09513215675386091
813,0.0,0.05242011988421059
814,0.0,0.08432561820361235
815,0.0,0.0024020292125753883
816,0.0,0.003777082094832277
817,0.0,0.04895941764339603
818,0.0,0.09022629203069693
819,0.0,0.1077159415969877
820,0.0,0.08442336192043551
821,0.0,0.17431215968216804
822,0.0,0.0971621527135687
823,0.0,0.10008376574911729
824,0.0,0.19796185055487397
825,0.0,0.1956466521329786
826,0.0,0.21585782399167644
827,0.0,0.08543894739449409
828,0.0,0.060795640439886604
829,0.0,0.11053081617192369
830,0.0,0.03962204480423889
831,0.0,0.05421296686553051
832,0.0,0.17977869605693753
833,0.0,0.13183085183358928
834,0.0,0.1652753999512796
835,0.0,0.08456534313600447
836,0.0,0.09851609673100305
837,0.0,0.18169141851122797
838,0.0,0.0018014128630199602
839,0.0,0.0013901608875421952
840,0.0,0.0772152279575488
841,0.0,0.06500940850951599
842,0.0,0.14201022159128468
843,0.0,0.017268235382384072
844,0.0,0.19502590010578943
845,0.0,0.0375350408713813
846,0.0,0.04477409451718109
847,0.0,0.06399764909904264
848,0.0,0.1392069527285331
849,0.1948683832181186,0.02825385914026841
850,0.0,0.13366970785078502
851,0.25485661427524087,0.0943776101844712
852,0.0,0.15573348407427168
853,0.0,0.13737823120513193
854,0.0,0.0868678335709727
855,0.0,0.10620252556693235
856,0.0,0.1368887384726814
857,0.02949472462717684,0.14713700456698503
858,0.0,0.10815050428764533
859,0.0,0.15313191667091564
860,0.0,0.20139312381623448
861,0.0,0.007220708647137529
862,0.0,0.01788839354277155
863,0.0,0.004544295488186177
864,0.0,0.017755558765782782
865,0.0,0.06149119161284554
866,0.0,0.0032017967083652673
867,0.0,0.0036558755669580645
868,0.0,0.00440739609265014
869,0.0,0.09439217896955177
870,0.0,0.09289987336121008
871,0.0,0.0899136375197285
872,0.0,0.09639047400097685
873,0.0,0.009650806293296729
874,0.0,0.023050104209433465
875,0.0,0.1763393373706668
876,0.0,0.1766295277362547
877,0.0,0.20373436444240176
878,0.0,0.2413039979668519
879,0.0,0.025071216283097254
880,0.0,0.7869125535050896
881,0.06472913930506308,0.5980665235929417
882,0.0,0.5763671762215856
883,0.0,0.9700267598288825
884,0.0,0.17765303047309947
885,0.0,0.17161957741636577
886,0.0,0.3739257577740006
887,0.0,0.15513607930290207
888,0.0,0.047874069044373545
889,0.0,0.051805645062896345
890,0.0,0.048534550735568255
891,0.0,0.08911156070972605
892,0.0,0.03515739625533382
893,0.0,0.18900941072589214
894,0.0,0.13790906276546713
895,0.0,0.21031622265403868
896,0.0,0.16304774590265037
897,0.0,0.13721302643936217
898,0.0,0.13095856982862814
899,0.0,0.08166054236206545
900,0.0,0.032039647540272755
901,0.0,0.06438673441637777
902,0.0,0.07672435806213311
903,0.0,0.07632481455431277
904,0.0,0.06374848721789365
905,0.0,0.1531239788068676
906,0.0,0.15374899109634507
907,0.0,0.05645300013939071
908,0.0,0.1659548514400225
909,0.0,0.07027533653181428
910,0.0,0.06370332659671252
911,0.0,0.637840299159833
912,0.0,0.07201476640770807
913,0.0,0.06262002640730567
914,0.0,0.10679228841640641
915,0.0,0.06658295990740877
916,0.0,0.2808032314644937
917,0.0,0.26581223476357135
918,0.0,0.22563987172957184
919,0.0,0.4202246774686185
920,0.0,0.0025327677883242327
921,0.0,0.0022417121252131106
922,0.0,0.00324061940652301
923,0.0,0.0022731232940893928
924,0.0,0.0026053905613045436
925,0.0,0.07658619888190339
926,0.0,0.066659665284642
927,0.0,0.07826108302861545
928,0.0,0.0844815217647811
929,0.0,0.0657414067845114
930,0.0,0.12897697406590175
931,0.0,0.13510007640688237
932,0.0,0.0577137120590702
933,0.0,0.06328477371074231
934,0.0,0.06771434939115448
935,0.0,0.08226028598696586
936,0.0,0.062344450650169
937,0.0,0.007539193126044107
938,0.0,0.13324460850119935
939,0.0,0.15758870756637447
940,0.0,0.016747628222102073
941,0.1548874742718415,0.03958217171357521
942,0.0,0.036124439619967696
943,0.0,0.00862187842229487
944,0.0,0.1001992111146218
945,0.0,0.04933042822424461
946,0.0,0.0811094371224665
947,0.0,0.10009692503160877
948,0.0,0.10540066489463162
949,0.0,0.10647315941836188
950,0.0,0.029429198418301054
951,0.0,0.027163499342713587
952,0.0,0.02593128154584449
953,0.0,0.2970591145946957
954,0.0,0.37359364912153414
955,0.0,0.0722438405052049
956,0.0,0.3430114843146134
957,0.0,0.22463920733833745
958,0.0,0.49170006965294605
959,0.0,0.15167389372136955
960,0.0,0.12882381930441705
961,0.0,0.06096268911632991
962,0.0,0.09320204811161487
963,0.0,0.06727897105196685
964,0.0,0.16706228080530225
965,0.0,0.15564625022438536
966,0.0,0.203403131702786
967,0.0,0.0676984030504646
968,0.0,0.05568938715732596
969,0.0,0.09252870848473188
970,0.0,0.07921377348831013
971,0.0,0.006511943787199205
972,0.0,0.0749571919482662
973,0.0,0.005897757296739474
974,0.0,0.00538576193845363
975,0.0,0.06629935224419213
976,0.0,0.08725603050682453
977,0.0,0.07387360377377569
978,0.0,0.14989963659810146
979,0.5886382546064071,0.16294170741374714
980,0.0,0.06416826700758843
981,0.0,0.06961739822641225
982,0.0,0.26281995347709514
983,0.0,0.214571600417921
984,0.0,0.05702921540250798
985,0.0,0.10800379390130883
986,0.0,0.06558591507606996
987,0.0,0.09749565792402524
988,0.0,0.12284937177535207
989,0.0,0.13576925774632004
990,0.0,0.17805645132609443
991,0.0,0.20528130123999644
992,0.0,0.1792527179325605
993,0.0,0.3087663412822404
994,0.0,0.03013739804575175
995,0.0,0.3502677562227976
996,0.0,0.13197722644539442
997,0.0,0.09637997657342985
998,0.0,0.019207471632353854
999,0.0,0.035547720750830514
1000,0.0,0.0793374205165274
1001,0.0,0.2334434654959103
1002,0.0,0.22087348867960488
1003,0.0,0.03775470280670232
1004,0.0,0.12220597415191481
1005,0.0,0.03929553814348096
1006,0.0,0.2265975639052426
1007,0.0,0.24016305799875495
1008,0.0,0.10659578624161917
1009,0.0,0.13088566172963903
1010,0.0,0.1232627622302828
1011,0.01905909314471345,0.16525065388208945
1012,0.0,0.48609599387716307
1013,0.0,0.6520797864009069
1014,0.0,0.4383498487454951
1015,0.0,0.19736150567866026
1016,0.0,0.39527472322637847
1017,0.04913648641487845,0.3952143211552435
1018,0.0,0.02709158289548896
1019,0.0,0.028346742048001732
1020,0.0,0.021276743487967084
1021,0.0,0.1374432612787862
1022,0.0,0.13566838465487277
1023,0.0,0.13261551430590726
1024,0.0,0.3011460615594368
1025,0.0,0.286451619290393
1026,0.0,0.39071028067301405
1027,0.0,0.23459958022542987
1028,0.0,0.3287572898824256
1029,0.0,0.060681037722417765
1030,0.0,0.03422846757791711
1031,0.0,0.03096075013191734
1032,0.0,0.3107820479535648
1033,0.0,0.19881144979764875
1034,0.0,0.1681867098581323
1035,0.0,0.2787545116470281
1036,0.0,0.4641094228222756
1037,0.0,0.34840378244526254
1038,0.0,0.11411810341732186
1039,0.0,0.7232903424718559
1040,0.0,0.33397037377772565
1041,0.0,0.3892831426688381
1042,0.0,0.3873725667242202
1043,0.0,0.44099860241773303
1044,0.0,0.3737810993240924
1045,0.0,0.38011555071930936
1046,0.0,0.40035021609517624
1047,0.0,0.3004221963262346
1048,0.0,0.46498781870899186
1049,0.0,0.414253172055921
1050,0.0,0.3483029064231213
1051,0.0,0.694883875098613
1052,0.0,0.48846675481705387
1053,0.0,0.26850239798125963
1054,0.0,0.1898372421431002
1055,0.0,0.15453386813014616
1056,0.0,0.2755006160140648
1057,0.0,0.41034386445253873
1058,0.0,0.2758124422356829
1059,0.0,0.7021998594696428
1060,0.0,0.39875354283918335
1061,0.0,0.42869475826380327
1062,0.0,0.20810510492053313
1063,0.0,0.27986338089578683
1064,0.0,0.07432304888169723
1065,0.0,0.6898409421195484
1066,0.0,0.6730920945119281
1067,0.0,0.0646071574512598
1068,0.0,0.07050423014369604
1069,0.0,0.07501994549168192
1070,0.0,0.0645825482407795
1071,0.0,0.15079639580390625
1072,0.0,0.3370134664125724
1073,0.0,0.4323456064856936
1074,0.0,0.21314048747578537
1075,0.0,0.12340282175649812
1076,0.0,0.11441179285345034
1077,0.0,0.16561511427346753
1078,0.0,0.3085870427841378
1079,0.0,0.2474022451702752
1080,0.0,0.2981294198683789
1081,0.0,0.020735320845203808
1082,0.0,0.04858739644177498
1083,0.0,0.36080427128402054
1084,0.0,0.3701224089994244
1085,0.0,0.4150194579108655
1086,0.0,0.06555478538509418
1087,0.0,0.08916169757651449
1088,0.0,0.08523105625794576
1089,0.0,0.06155282811269474
1090,0.0,0.03187551823702855
1091,0.0,0.05767864431107899
1092,0.0,0.06377725751290367
1093,0.0,0.19270169781749538
1094,0.0,0.1348793457709503
1095,0.0,0.08581014670574902
1096,0.0,0.5838562870178226
1097,0.026227709999003642,0.5636887524052504
1098,0.0,0.2087580245602991
1099,0.0,0.5041765001156896
1100,0.0,0.530097943973367
1101,0.0,0.44871634598307153
1102,0.0,0.09035220294991633
1103,0.0,0.06722772807911777
1104,0.0,0.09116936059894885
1105,0.0,0.09044200390386338
1106,0.0,0.11225553687428082
1107,0.0,0.10712833800589927
1108,0.0,0.020355275453000917
1109,0.0,0.023969567789730445
1110,0.0,0.019042147501450894
1111,0.0,0.13078847519019132
1112,0.0,0.050427333285264886
1113,0.0,0.07184929219555161
1114,0.0,0.11638899770366612
1115,0.0,0.06362137921149359
1116,0.0,0.07083159658495347
1117,0.0,0.06399480650516602
1118,0.0,0.11046891128953154
1119,0.0,0.10457962621618462
1120,0.0,0.2029435530596187
1121,0.0,0.27406359467515645
1122,0.0,0.08033916406629313
1123,0.0,0.05134160999163487
1124,0.0,0.08438957767692053
1125,0.02694706408298701,0.050308955814443335
1126,0.0,0.09455366196247206
1127,0.0,0.06017712664913693
1128,0.0,0.11473790505685687
1129,0.0,0.09885446304062066
1130,0.0,0.2836930020303408
1131,0.0,0.07068546238930164
1132,0.0,0.04714880116272132
1133,0.0,0.09045782073223287
1134,0.0,1.0
1135,0.0,0.0666415231231818
1136,0.0,0.07846537078044613
1137,0.0,0.04778518309003559
1138,0.0,0.10662754238412611
1139,0.0,0.14255304832142549
1140,0.0,0.4995960681367227
1141,0.0,0.5646241878211619
1142,0.0,0.7204569697119722
1143,0.0,0.10325337949266757
1144,0.0,0.07396083646286129
1145,0.0,0.1916432523068701
1146,0.0,0.17122051835944901
1147,0.0,0.18899840749704874
1148,0.0,0.00792884198789301
1149,0.0,0.023624482668654377
1150,0.0,0.02468287535419738
1151,0.0,0.017202457633712965
1152,0.0,0.09166239079711626
1153,0.0,0.08399397608658322
1154,0.0,0.10766498613259211
1155,0.0,0.11100385272430698
1156,0.0,0.832098343673352
1157,0.0,0.05323147823468993
1158,0.0,0.14538701866208478
1159,0.0,0.4335248815860228
1160,0.0,0.808928272257421
1161,0.0,0.16117028144011292
1162,0.0,0.16519045188319434
1163,0.0,0.1659056456866085
1164,0.0,0.2514153747458518
1165,0.0,0.7182132670823046
1166,0.0,0.217835009275314
1167,0.0,0.6462142544415185
1168,0.0,0.6290162998360526
1169,0.0,0.013879161604799397
1170,0.0,0.01528562119333342
1171,0.0,0.06971576575246678
1172,0.0,0.09476617250930089
1173,0.0,0.04037432978275592
1174,0.0,0.08176749620472837
1175,0.0,0.0916507710292695
1176,0.0,0.08026262746694354
1177,0.0,0.08380781539307942
1178,0.0,0.1152465734945175
1179,0.0,0.09541153881794766
1180,0.0,0.136473414553153
1181,0.05024429438071714,0.11820622264957868
1182,0.0,0.1156800003596253
1183,0.0,0.037094233863509116
1184,0.0,0.040096745722225206
1185,0.0,0.0341001464669534
1186,0.0,0.03790580809315378
1187,0.0,0.044445190891204744
1188,0.0,0.22106759303362947
1189,0.0,0.24687001548765203
1190,0.0,0.29395016416174025
1191,0.0,0.34625115765298725
1192,0.0,0.0036366275809134522
1193,0.0,0.0019900879580026223
1194,0.0,0.003284325662449489
1195,0.0,0.002413232033868311
1196,0.0,0.022460025184005725
1197,0.0,0.027740410507466815
1198,0.0,0.08901939133659312
1199,0.0,0.07388574138711386
1200,0.0,0.05266161163533117
1201,0.0,0.07386835710113471
1202,0.0,0.06725175193586401
1203,0.0,0.04132551604603365
1204,0.0,0.045545299098068745
1205,0.0,0.1164368209465382
1206,0.0,0.0732406140850439
1207,0.0,0.21565265520759241
1208,0.0,0.06049972669673294
1209,0.0,0.0589121749918843
1210,0.0,0.11231276259690053
1211,0.0,0.11794647487922583
1212,0.0,0.1506636085552494
1213,0.0,0.14863664032923332
1214,0.0,0.14541786966959805
1215,0.0,0.16119294238625131
1216,0.0,0.022030262011684457
1217,0.0,0.0617941207494308
1218,0.0,0.14989036220049048
1219,0.0,0.1255326880207822
1220,0.0,0.1588173309662574
1221,0.0,0.12422396936864612
1222,0.0,0.050111232787924884
1223,0.0,0.03919830258817591
1224,0.0,0.23759989470767442
1225,0.0,0.002893228202990665
1226,0.0,0.004351447485019956
1227,0.0,0.4198064644033335
1228,0.0,0.09769484083854185
1229,0.0,0.10146047548212747
1230,0.0,0.0938895577519758
1231,0.0,0.020669361949539097
1232,0.0,0.18093161094565488
1233,0.0,0.024406815520828892
1234,0.0,0.017392105704025867
1235,0.0,0.024041931784552998
1236,0.0,0.1104482295714243
1237,0.0,0.025529527340274426
1238,0.0,0.0327018683170562
1239,0.0,0.018388479537984333
1240,0.0,0.3642803336925277
1241,0.016834747286080965,0.1492298014298641
1242,0.0,0.2502254016053048
1243,0.0,0.23287625655366603
1244,0.0,0.14156676727048598
1245,0.0,0.14965566285502693
1246,0.0,0.15131937578161406
1247,0.0,0.17687641346144228
1248,0.0,0.05043538525966379
1249,0.014564013817300336,0.05031163179876677
1250,0.0,0.04136521236489388
1251,0.0,0.2992874191957802
1252,0.0,0.147502048909123
1253,0.0,0.3065942653719861
1254,0.0,0.1716105045286733
1255,0.0,0.18198144320162501
1256,0.0,0.5975471407575537
1257,0.0,0.07887094187751721
1258,0.0,0.10677528928833084
1259,0.0,0.17562691345325726
1260,0.0,0.11111726100306618
1261,0.0,0.31484488973878483
1262,0.0,0.03459861908510795
1263,0.0,0.06533387422305091
1264,0.0,0.03448492963275816
1265,0.0,0.26774125244166397
1266,0.0,0.07985192193902729
1267,0.0,0.2238345978430305
1268,0.0,0.07537697242266499
1269,0.0,0.08892999609433805
1270,0.0,0.09001571880017041
1271,0.0,0.09658788223745315
1272,0.0,0.08568824050061175
1273,0.0,0.13020721053291906
1274,0.0,0.029742754316818252
1275,0.0,0.12734729392901245
1276,0.0,0.0338298899205648
1277,0.0,0.03305680288270964
1278,0.0,0.01328795513085814
1279,0.0,0.011067979588919643
1280,0.0,0.09687555102319001
1281,0.0,0.06779270471813947
1282,0.0,0.02593638376674259
1283,0.0,0.049417734206472226
1284,0.0,0.02924502689770871
1285,0.0,0.027591415543661364
1286,0.0,0.2421325386396301
1287,0.0,0.22000930091350077
1288,0.0,0.16747110333541487
1289,0.0,0.24398241917293317
1290,0.0,0.17540184369744788
1291,0.0,0.11521558043238088
1292,0.0,0.0794030580335804
1293,0.0,0.771064280896527
1294,0.0,0.44491323761418106
1295,0.0,0.8988235474797612
1296,0.0,0.8144886337019895
1297,0.0,0.26299125127279843
1298,0.0,0.11527038199631268
1299,0.02626000944830606,0.11694095788721731
1300,0.0,0.11881337030398292
1301,0.0,0.11458577900445695
1302,0.0,0.13370915146184756
1303,0.028607358202583325,0.026887405400531125
1304,0.0,0.11290464775477832
1305,0.0,0.06560054259416641
1306,0.0,0.08970277306040672
1307,0.0,0.34544084239960693
1308,0.0,0.3584372704197882
1309,0.0,0.27744053102997107
1310,0.04214589422555286,0.16671472940977464
1311,0.0,0.1062005553183286
1312,0.0,0.1181237747073244
1313,0.0,0.09413890211566671
1314,0.0,0.042511972629793233
1315,0.0,0.048495508434465665
1316,0.0,0.045214008356884224
1317,0.0,0.0473222642931768
1318,0.0,0.14870684562240652
1319,0.0,0.09690219184769454
1320,0.0,0.18525871010761577
1321,0.0,0.160286282089358
1322,0.0,0.06421540202666075
1323,0.0,0.0720005006419215
1324,0.0,0.034139026475405135
1325,0.0,0.02999895376392077
1326,0.0,0.046535092572975285
1327,0.0,0.12493465603841819
1328,0.0,0.14426146855889757
1329,0.0,0.146846679979745
1330,0.0,0.05824135063646255
1331,0.0,0.011034997208347688
1332,0.0,0.08614829201914954
1333,0.0,0.022525284720953474
1334,0.0,0.03665777909558804
1335,0.0,0.021189365415083206
1336,0.0,0.222044551604377
1337,0.0,0.16182629885707006
1338,0.0,0.1689604743405774
1339,0.0,0.4484060530325559
1340,0.0,0.09136494366339927
1341,0.0,0.040252837448499036
1342,0.0,0.1230244090110574
1343,0.0,0.018259190510711964
1344,0.0,0.2112115845371142
1345,0.11288643933367966,0.3155963060673589
1346,0.0,0.1512911844345645
1347,0.0,0.29879289474360315
1348,0.0,0.29898530572952875
1349,0.0,0.2751295971530802
1350,0.0,0.2855862826853645
1351,0.0,0.34679143151555186
1352,0.0,0.37761737646814886
1353,0.0,0.2836959698479141
1354,0.0,0.4805682598791988
1355,0.0,0.01496394596832242
1356,0.0,0.02353425806146342
1357,0.0,0.0112288650127168
1358,0.0,0.1718588302343099
1359,0.0,0.17667636171919215
1360,0.0,0.043349299253514766
1361,0.0,0.07467839432224685
1362,0.0,0.09760225458542153
1363,0.0,0.00663189517839698
1364,0.0,0.0164366992449367
1365,0.0,0.10607740825017567
1366,0.12240054814316069,0.06497608397644176
1367,0.01735588064511927,0.04843917190017897
1368,0.0,0.04633597830823315
1369,0.0,0.09137468210360584
1370,0.0,0.08612379266926332
1371,0.0,0.030391803184091643
1372,0.0,0.18563440648702192
1373,0.0,0.050982065698415645
1374,0.0,0.0508774792147451
1375,0.0,0.02607842266302161
1376,0.0,0.02102004187816515
1377,0.0,0.016465889704068554
1378,0.0,0.027713047856074886
1379,0.0,0.01535648528041201
1380,0.0,0.00969172071419382
1381,0.0,0.03677481829178745
1382,0.0,0.03663855261962375
1383,0.0,0.017234092801877054
1384,0.0,0.1142891454583465
1385,0.0,0.11328271689956577
1386,0.0,0.16535757349552568
1387,0.0,0.1439923379075185
1388,0.0,0.05230596075453937
1389,0.16399318403909335,0.10888993755710481
1390,0.0,0.08613542723670732
1391,0.0,0.10038895134847578
1392,0.0,0.10941909656030545
1393,0.0,0.09574237737600849
1394,0.0,0.006974165483903137
1395,0.0,0.08165721495730538
1396,0.0,0.15262523086296947
1397,0.0,0.13983504236249608
1398,0.0,0.0692690331626019
1399,0.0,0.08061248236087167
1400,0.0,0.11503581420907999
1401,0.0,0.09909191013567491
1402,0.0,0.10012995878013478
1403,0.0,0.17148415612771067
1404,0.0,0.07410046247635653
1405,0.0,0.18366314419922725
1406,0.0,0.17410463851741942
1407,0.0,0.17393413202016508
1408,0.0,0.2479016284644955
1409,0.0,0.03382764666581641
1410,0.0,0.13635619546968264
1411,0.0,0.09352674738576115
1412,0.0,0.0693688705614587
1413,0.0,0.07398725976111646
1414,0.0,0.014135827171599223
1415,0.0,0.061791815093079926
1416,0.0,0.22897144890490617
1417,0.0,0.2651638510766951
1418,0.0,0.006727658595135993
1419,0.0,0.04627553970437146
1420,0.0,0.4756832635138584
1421,0.0,0.011136374993821476
1422,0.0,0.09141912937465226
1423,0.0,0.10438669238091343
1424,0.0,0.0977464841472499
1425,0.0,0.0980909753837311
1426,0.0,0.10702844793870178
1427,0.0,0.1022396478169486
1428,0.0,0.08765471615402533
1429,0.0,0.13834063346843872
1430,0.0,0.1455050554455309
1431,0.0,0.09467811174427884
1432,0.0,0.09873712608769343
1433,0.0,0.11242862722481568
1434,0.0,0.11278279350896395
1435,0.0,0.025147079270114326
1436,0.0,0.22377149241384137
1437,0.0,0.23652634001080725
1438,0.0,0.21676219464889812
1439,0.0,0.00447491208934778
1440,0.0,0.006093770604962674
1441,0.0,0.05913855432724993
1442,0.0,0.015195444069147487
1443,0.0,0.030980692810877883
1444,0.0,0.05654504800982639
1445,0.0,0.07821167536569527
1446,0.0,0.09122976498362413
1447,0.0,0.16111364838504072
1448,0.0,0.15629032215244493
1449,0.0,0.08777928980051447
1450,0.0,0.09144362981021378
1451,0.0,0.1026630184603186
1452,0.0,0.04045669123340922
1453,0.0,0.038471936781000256
1454,0.0,0.0224611466093081
1455,0.0,0.15518067332400354
1456,0.0,0.2894926121017758
1457,0.0,0.08621620799391524
1458,0.027832237681099083,0.1252388593363389
1459,0.0,0.1044198247700211
1460,0.0,0.13539356962740925
1461,0.0,0.06782967222329275
1462,0.0,0.149758780636539
1463,0.0,0.018258764352989225
1464,0.0,0.5308967007599973
1465,0.0,0.5815290679177578
1466,0.0,0.5486972134980961
1467,0.0,0.4580289853264178
1468,0.0,0.005410205514900305
1469,0.0,0.01255247747911335
1470,0.0,0.01355710384114153
1471,0.0,0.018354538422680686
1472,0.0,0.10115789799197819
1473,0.0,0.1474198507377719
1474,0.0,0.07715207684752755
1475,0.0,0.08339805341551781
1476,0.0,0.06373560085211448
1477,0.0,0.030986103679159004
1478,0.12085199252302305,0.05748456888391906
1479,0.0,0.024332830466297927
1480,0.0,0.12719110663248534
1481,0.0,0.07808108212959228
1482,0.0,0.07785286898496478
1483,0.0,0.10303354345983573
1484,0.0,0.1654083861463808
1485,0.0,0.16468704070060408
1486,0.0,0.19680724960195464
1487,0.0,0.07123700414263315
1488,0.0,0.05903355670261512
1489,0.0,0.03122047251127341
1490,0.0,0.057153899165430025
1491,0.0,0.012334113471654242
1492,0.0,0.020403982947847163
1493,0.0,0.012048297920852432
1494,0.0,0.03102582535442616
1495,0.0,0.006494646403646628
1496,0.0,0.007352587052358808
1497,0.0,0.026865354450391694
1498,0.0,0.08689954125992946
1499,0.0,0.09165825132492146
1500,0.0,0.01997217985420035
1501,0.0,0.048563299911921425
1502,0.0,0.29740514461753426
1503,0.0,0.28477755478287614
1504,0.0,0.2682592069916673
1505,0.0,0.2720738945138366
1506,0.0,0.4373544835177748
1507,0.0,0.13051637811929293
